Name,First Value,Date
Adriel Pace,P,2022-04-01 00:00:00
Adriel Pace,WO,2022-04-02 00:00:00
Adriel Pace,WO,2022-04-03 00:00:00
Adriel Pace,P,2022-04-04 00:00:00
Adriel Pace,P,2022-04-05 00:00:00
Adriel Pace,P,2022-04-06 00:00:00
Adriel Pace,P,2022-04-07 00:00:00
Adriel Pace,P,2022-04-08 00:00:00
Adriel Pace,WO,2022-04-09 00:00:00
Adriel Pace,WO,2022-04-10 00:00:00
Adriel Pace,P,2022-04-11 00:00:00
Adriel Pace,P,2022-04-12 00:00:00
Adriel Pace,P,2022-04-13 00:00:00
Adriel Pace,P,2022-04-14 00:00:00
Adriel Pace,P,2022-04-15 00:00:00
Adriel Pace,WO,2022-04-16 00:00:00
Adriel Pace,WO,2022-04-17 00:00:00
Adriel Pace,P,2022-04-18 00:00:00
Adriel Pace,P,2022-04-19 00:00:00
Adriel Pace,P,2022-04-20 00:00:00
Adriel Pace,P,2022-04-21 00:00:00
Adriel Pace,P,2022-04-22 00:00:00
Adriel Pace,WO,2022-04-23 00:00:00
Adriel Pace,WO,2022-04-24 00:00:00
Adriel Pace,P,2022-04-25 00:00:00
Adriel Pace,P,2022-04-26 00:00:00
Adriel Pace,P,2022-04-27 00:00:00
Adriel Pace,P,2022-04-28 00:00:00
Adriel Pace,P,2022-04-29 00:00:00
Adriel Pace,WO,2022-04-30 00:00:00
Adyson Moyer,P,2022-04-01 00:00:00
Adyson Moyer,WO,2022-04-02 00:00:00
Adyson Moyer,WO,2022-04-03 00:00:00
Adyson Moyer,P,2022-04-04 00:00:00
Adyson Moyer,P,2022-04-05 00:00:00
Adyson Moyer,P,2022-04-06 00:00:00
Adyson Moyer,P,2022-04-07 00:00:00
Adyson Moyer,P,2022-04-08 00:00:00
Adyson Moyer,WO,2022-04-09 00:00:00
Adyson Moyer,WO,2022-04-10 00:00:00
Adyson Moyer,P,2022-04-11 00:00:00
Adyson Moyer,P,2022-04-12 00:00:00
Adyson Moyer,P,2022-04-13 00:00:00
Adyson Moyer,P,2022-04-14 00:00:00
Adyson Moyer,WFH,2022-04-15 00:00:00
Adyson Moyer,WO,2022-04-16 00:00:00
Adyson Moyer,WO,2022-04-17 00:00:00
Adyson Moyer,P,2022-04-18 00:00:00
Adyson Moyer,P,2022-04-19 00:00:00
Adyson Moyer,P,2022-04-20 00:00:00
Adyson Moyer,P,2022-04-21 00:00:00
Adyson Moyer,P,2022-04-22 00:00:00
Adyson Moyer,WO,2022-04-23 00:00:00
Adyson Moyer,WO,2022-04-24 00:00:00
Adyson Moyer,P,2022-04-25 00:00:00
Adyson Moyer,P,2022-04-26 00:00:00
Adyson Moyer,P,2022-04-27 00:00:00
Adyson Moyer,P,2022-04-28 00:00:00
Adyson Moyer,P,2022-04-29 00:00:00
Adyson Moyer,WO,2022-04-30 00:00:00
Ana Little,P,2022-04-01 00:00:00
Ana Little,WO,2022-04-02 00:00:00
Ana Little,WO,2022-04-03 00:00:00
Ana Little,P,2022-04-04 00:00:00
Ana Little,HPL,2022-04-05 00:00:00
Ana Little,PL,2022-04-06 00:00:00
Ana Little,SL,2022-04-07 00:00:00
Ana Little,P,2022-04-08 00:00:00
Ana Little,WO,2022-04-09 00:00:00
Ana Little,WO,2022-04-10 00:00:00
Ana Little,P,2022-04-11 00:00:00
Ana Little,P,2022-04-12 00:00:00
Ana Little,PL,2022-04-13 00:00:00
Ana Little,PL,2022-04-14 00:00:00
Ana Little,PL,2022-04-15 00:00:00
Ana Little,WO,2022-04-16 00:00:00
Ana Little,WO,2022-04-17 00:00:00
Ana Little,P,2022-04-18 00:00:00
Ana Little,P,2022-04-19 00:00:00
Ana Little,P,2022-04-20 00:00:00
Ana Little,P,2022-04-21 00:00:00
Ana Little,P,2022-04-22 00:00:00
Ana Little,WO,2022-04-23 00:00:00
Ana Little,WO,2022-04-24 00:00:00
Ana Little,P,2022-04-25 00:00:00
Ana Little,P,2022-04-26 00:00:00
Ana Little,P,2022-04-27 00:00:00
Ana Little,P,2022-04-28 00:00:00
Ana Little,P,2022-04-29 00:00:00
Ana Little,WO,2022-04-30 00:00:00
Andrew Cummings,P,2022-04-01 00:00:00
Andrew Cummings,WO,2022-04-02 00:00:00
Andrew Cummings,WO,2022-04-03 00:00:00
Andrew Cummings,P,2022-04-04 00:00:00
Andrew Cummings,P,2022-04-05 00:00:00
Andrew Cummings,P,2022-04-06 00:00:00
Andrew Cummings,P,2022-04-07 00:00:00
Andrew Cummings,P,2022-04-08 00:00:00
Andrew Cummings,WO,2022-04-09 00:00:00
Andrew Cummings,WO,2022-04-10 00:00:00
Andrew Cummings,P,2022-04-11 00:00:00
Andrew Cummings,P,2022-04-12 00:00:00
Andrew Cummings,P,2022-04-13 00:00:00
Andrew Cummings,P,2022-04-14 00:00:00
Andrew Cummings,P,2022-04-15 00:00:00
Andrew Cummings,WO,2022-04-16 00:00:00
Andrew Cummings,WO,2022-04-17 00:00:00
Andrew Cummings,WFH,2022-04-18 00:00:00
Andrew Cummings,WFH,2022-04-19 00:00:00
Andrew Cummings,WFH,2022-04-20 00:00:00
Andrew Cummings,WFH,2022-04-21 00:00:00
Andrew Cummings,WFH,2022-04-22 00:00:00
Andrew Cummings,WO,2022-04-23 00:00:00
Andrew Cummings,WO,2022-04-24 00:00:00
Andrew Cummings,P,2022-04-25 00:00:00
Andrew Cummings,WFH,2022-04-26 00:00:00
Andrew Cummings,WFH,2022-04-27 00:00:00
Andrew Cummings,LWP,2022-04-28 00:00:00
Andrew Cummings,WFH,2022-04-29 00:00:00
Andrew Cummings,WO,2022-04-30 00:00:00
April Ayers,P,2022-04-01 00:00:00
April Ayers,WO,2022-04-02 00:00:00
April Ayers,WO,2022-04-03 00:00:00
April Ayers,P,2022-04-04 00:00:00
April Ayers,P,2022-04-05 00:00:00
April Ayers,P,2022-04-06 00:00:00
April Ayers,P,2022-04-07 00:00:00
April Ayers,P,2022-04-08 00:00:00
April Ayers,WO,2022-04-09 00:00:00
April Ayers,WO,2022-04-10 00:00:00
April Ayers,P,2022-04-11 00:00:00
April Ayers,P,2022-04-12 00:00:00
April Ayers,P,2022-04-13 00:00:00
April Ayers,P,2022-04-14 00:00:00
April Ayers,FFL,2022-04-15 00:00:00
April Ayers,WO,2022-04-16 00:00:00
April Ayers,WO,2022-04-17 00:00:00
April Ayers,P,2022-04-18 00:00:00
April Ayers,P,2022-04-19 00:00:00
April Ayers,P,2022-04-20 00:00:00
April Ayers,P,2022-04-21 00:00:00
April Ayers,P,2022-04-22 00:00:00
April Ayers,WO,2022-04-23 00:00:00
April Ayers,WO,2022-04-24 00:00:00
April Ayers,P,2022-04-25 00:00:00
April Ayers,P,2022-04-26 00:00:00
April Ayers,P,2022-04-27 00:00:00
April Ayers,P,2022-04-28 00:00:00
April Ayers,P,2022-04-29 00:00:00
April Ayers,WO,2022-04-30 00:00:00
Ayanna Atkins,WFH,2022-04-01 00:00:00
Ayanna Atkins,WO,2022-04-02 00:00:00
Ayanna Atkins,WO,2022-04-03 00:00:00
Ayanna Atkins,P,2022-04-04 00:00:00
Ayanna Atkins,P,2022-04-05 00:00:00
Ayanna Atkins,P,2022-04-06 00:00:00
Ayanna Atkins,ML,2022-04-07 00:00:00
Ayanna Atkins,P,2022-04-08 00:00:00
Ayanna Atkins,WO,2022-04-09 00:00:00
Ayanna Atkins,WO,2022-04-10 00:00:00
Ayanna Atkins,P,2022-04-11 00:00:00
Ayanna Atkins,P,2022-04-12 00:00:00
Ayanna Atkins,P,2022-04-13 00:00:00
Ayanna Atkins,P,2022-04-14 00:00:00
Ayanna Atkins,P,2022-04-15 00:00:00
Ayanna Atkins,WO,2022-04-16 00:00:00
Ayanna Atkins,WO,2022-04-17 00:00:00
Ayanna Atkins,P,2022-04-18 00:00:00
Ayanna Atkins,P,2022-04-19 00:00:00
Ayanna Atkins,P,2022-04-20 00:00:00
Ayanna Atkins,P,2022-04-21 00:00:00
Ayanna Atkins,P,2022-04-22 00:00:00
Ayanna Atkins,WO,2022-04-23 00:00:00
Ayanna Atkins,WO,2022-04-24 00:00:00
Ayanna Atkins,P,2022-04-25 00:00:00
Ayanna Atkins,P,2022-04-26 00:00:00
Ayanna Atkins,P,2022-04-27 00:00:00
Ayanna Atkins,P,2022-04-28 00:00:00
Ayanna Atkins,P,2022-04-29 00:00:00
Ayanna Atkins,WO,2022-04-30 00:00:00
Bo Cordova,P,2022-04-01 00:00:00
Bo Cordova,WO,2022-04-02 00:00:00
Bo Cordova,WO,2022-04-03 00:00:00
Bo Cordova,P,2022-04-04 00:00:00
Bo Cordova,P,2022-04-05 00:00:00
Bo Cordova,P,2022-04-06 00:00:00
Bo Cordova,WFH,2022-04-07 00:00:00
Bo Cordova,PL,2022-04-08 00:00:00
Bo Cordova,WO,2022-04-09 00:00:00
Bo Cordova,WO,2022-04-10 00:00:00
Bo Cordova,PL,2022-04-11 00:00:00
Bo Cordova,PL,2022-04-12 00:00:00
Bo Cordova,PL,2022-04-13 00:00:00
Bo Cordova,PL,2022-04-14 00:00:00
Bo Cordova,PL,2022-04-15 00:00:00
Bo Cordova,WO,2022-04-16 00:00:00
Bo Cordova,WO,2022-04-17 00:00:00
Bo Cordova,P,2022-04-18 00:00:00
Bo Cordova,P,2022-04-19 00:00:00
Bo Cordova,P,2022-04-20 00:00:00
Bo Cordova,P,2022-04-21 00:00:00
Bo Cordova,P,2022-04-22 00:00:00
Bo Cordova,WO,2022-04-23 00:00:00
Bo Cordova,WO,2022-04-24 00:00:00
Bo Cordova,P,2022-04-25 00:00:00
Bo Cordova,P,2022-04-26 00:00:00
Bo Cordova,WFH,2022-04-27 00:00:00
Bo Cordova,ML,2022-04-28 00:00:00
Bo Cordova,WFH,2022-04-29 00:00:00
Bo Cordova,WO,2022-04-30 00:00:00
Boston Morse,P,2022-04-01 00:00:00
Boston Morse,WO,2022-04-02 00:00:00
Boston Morse,WO,2022-04-03 00:00:00
Boston Morse,P,2022-04-04 00:00:00
Boston Morse,P,2022-04-05 00:00:00
Boston Morse,P,2022-04-06 00:00:00
Boston Morse,P,2022-04-07 00:00:00
Boston Morse,P,2022-04-08 00:00:00
Boston Morse,WO,2022-04-09 00:00:00
Boston Morse,WO,2022-04-10 00:00:00
Boston Morse,P,2022-04-11 00:00:00
Boston Morse,P,2022-04-12 00:00:00
Boston Morse,P,2022-04-13 00:00:00
Boston Morse,P,2022-04-14 00:00:00
Boston Morse,P,2022-04-15 00:00:00
Boston Morse,WO,2022-04-16 00:00:00
Boston Morse,WO,2022-04-17 00:00:00
Boston Morse,P,2022-04-18 00:00:00
Boston Morse,P,2022-04-19 00:00:00
Boston Morse,P,2022-04-20 00:00:00
Boston Morse,P,2022-04-21 00:00:00
Boston Morse,P,2022-04-22 00:00:00
Boston Morse,WO,2022-04-23 00:00:00
Boston Morse,WO,2022-04-24 00:00:00
Boston Morse,P,2022-04-25 00:00:00
Boston Morse,P,2022-04-26 00:00:00
Boston Morse,P,2022-04-27 00:00:00
Boston Morse,P,2022-04-28 00:00:00
Boston Morse,P,2022-04-29 00:00:00
Boston Morse,WO,2022-04-30 00:00:00
Briley Orr,P,2022-04-01 00:00:00
Briley Orr,WO,2022-04-02 00:00:00
Briley Orr,WO,2022-04-03 00:00:00
Briley Orr,P,2022-04-04 00:00:00
Briley Orr,P,2022-04-05 00:00:00
Briley Orr,P,2022-04-06 00:00:00
Briley Orr,P,2022-04-07 00:00:00
Briley Orr,P,2022-04-08 00:00:00
Briley Orr,WO,2022-04-09 00:00:00
Briley Orr,WO,2022-04-10 00:00:00
Briley Orr,P,2022-04-11 00:00:00
Briley Orr,P,2022-04-12 00:00:00
Briley Orr,P,2022-04-13 00:00:00
Briley Orr,P,2022-04-14 00:00:00
Briley Orr,P,2022-04-15 00:00:00
Briley Orr,WO,2022-04-16 00:00:00
Briley Orr,WO,2022-04-17 00:00:00
Briley Orr,P,2022-04-18 00:00:00
Briley Orr,P,2022-04-19 00:00:00
Briley Orr,P,2022-04-20 00:00:00
Briley Orr,WFH,2022-04-21 00:00:00
Briley Orr,P,2022-04-22 00:00:00
Briley Orr,WO,2022-04-23 00:00:00
Briley Orr,WO,2022-04-24 00:00:00
Briley Orr,P,2022-04-25 00:00:00
Briley Orr,P,2022-04-26 00:00:00
Briley Orr,P,2022-04-27 00:00:00
Briley Orr,P,2022-04-28 00:00:00
Briley Orr,P,2022-04-29 00:00:00
Briley Orr,WO,2022-04-30 00:00:00
Cason David,P,2022-04-01 00:00:00
Cason David,WO,2022-04-02 00:00:00
Cason David,WO,2022-04-03 00:00:00
Cason David,HSL,2022-04-04 00:00:00
Cason David,P,2022-04-05 00:00:00
Cason David,P,2022-04-06 00:00:00
Cason David,P,2022-04-07 00:00:00
Cason David,P,2022-04-08 00:00:00
Cason David,WO,2022-04-09 00:00:00
Cason David,WO,2022-04-10 00:00:00
Cason David,P,2022-04-11 00:00:00
Cason David,P,2022-04-12 00:00:00
Cason David,WFH,2022-04-13 00:00:00
Cason David,P,2022-04-14 00:00:00
Cason David,P,2022-04-15 00:00:00
Cason David,WO,2022-04-16 00:00:00
Cason David,WO,2022-04-17 00:00:00
Cason David,P,2022-04-18 00:00:00
Cason David,P,2022-04-19 00:00:00
Cason David,P,2022-04-20 00:00:00
Cason David,P,2022-04-21 00:00:00
Cason David,P,2022-04-22 00:00:00
Cason David,WO,2022-04-23 00:00:00
Cason David,WO,2022-04-24 00:00:00
Cason David,P,2022-04-25 00:00:00
Cason David,P,2022-04-26 00:00:00
Cason David,P,2022-04-27 00:00:00
Cason David,P,2022-04-28 00:00:00
Cason David,P,2022-04-29 00:00:00
Cason David,WO,2022-04-30 00:00:00
Caylee Meadows,P,2022-04-01 00:00:00
Caylee Meadows,WO,2022-04-02 00:00:00
Caylee Meadows,WO,2022-04-03 00:00:00
Caylee Meadows,P,2022-04-04 00:00:00
Caylee Meadows,P,2022-04-05 00:00:00
Caylee Meadows,P,2022-04-06 00:00:00
Caylee Meadows,P,2022-04-07 00:00:00
Caylee Meadows,P,2022-04-08 00:00:00
Caylee Meadows,WO,2022-04-09 00:00:00
Caylee Meadows,WO,2022-04-10 00:00:00
Caylee Meadows,P,2022-04-11 00:00:00
Caylee Meadows,P,2022-04-12 00:00:00
Caylee Meadows,P,2022-04-13 00:00:00
Caylee Meadows,P,2022-04-14 00:00:00
Caylee Meadows,WFH,2022-04-15 00:00:00
Caylee Meadows,WO,2022-04-16 00:00:00
Caylee Meadows,WO,2022-04-17 00:00:00
Caylee Meadows,P,2022-04-18 00:00:00
Caylee Meadows,P,2022-04-19 00:00:00
Caylee Meadows,P,2022-04-20 00:00:00
Caylee Meadows,P,2022-04-21 00:00:00
Caylee Meadows,P,2022-04-22 00:00:00
Caylee Meadows,WO,2022-04-23 00:00:00
Caylee Meadows,WO,2022-04-24 00:00:00
Caylee Meadows,P,2022-04-25 00:00:00
Caylee Meadows,WFH,2022-04-26 00:00:00
Caylee Meadows,LWP,2022-04-27 00:00:00
Caylee Meadows,LWP,2022-04-28 00:00:00
Caylee Meadows,WFH,2022-04-29 00:00:00
Caylee Meadows,WO,2022-04-30 00:00:00
Chad Macias,P,2022-04-01 00:00:00
Chad Macias,WO,2022-04-02 00:00:00
Chad Macias,WO,2022-04-03 00:00:00
Chad Macias,P,2022-04-04 00:00:00
Chad Macias,P,2022-04-05 00:00:00
Chad Macias,LWP,2022-04-06 00:00:00
Chad Macias,P,2022-04-07 00:00:00
Chad Macias,P,2022-04-08 00:00:00
Chad Macias,WO,2022-04-09 00:00:00
Chad Macias,WO,2022-04-10 00:00:00
Chad Macias,P,2022-04-11 00:00:00
Chad Macias,P,2022-04-12 00:00:00
Chad Macias,P,2022-04-13 00:00:00
Chad Macias,P,2022-04-14 00:00:00
Chad Macias,P,2022-04-15 00:00:00
Chad Macias,WO,2022-04-16 00:00:00
Chad Macias,WO,2022-04-17 00:00:00
Chad Macias,P,2022-04-18 00:00:00
Chad Macias,WFH,2022-04-19 00:00:00
Chad Macias,P,2022-04-20 00:00:00
Chad Macias,P,2022-04-21 00:00:00
Chad Macias,WFH,2022-04-22 00:00:00
Chad Macias,WO,2022-04-23 00:00:00
Chad Macias,WO,2022-04-24 00:00:00
Chad Macias,WFH,2022-04-25 00:00:00
Chad Macias,P,2022-04-26 00:00:00
Chad Macias,P,2022-04-27 00:00:00
Chad Macias,P,2022-04-28 00:00:00
Chad Macias,WFH,2022-04-29 00:00:00
Chad Macias,WO,2022-04-30 00:00:00
Chris Frye,WFH,2022-04-01 00:00:00
Chris Frye,WO,2022-04-02 00:00:00
Chris Frye,WO,2022-04-03 00:00:00
Chris Frye,P,2022-04-04 00:00:00
Chris Frye,WFH,2022-04-05 00:00:00
Chris Frye,P,2022-04-06 00:00:00
Chris Frye,WFH,2022-04-07 00:00:00
Chris Frye,P,2022-04-08 00:00:00
Chris Frye,WO,2022-04-09 00:00:00
Chris Frye,WO,2022-04-10 00:00:00
Chris Frye,P,2022-04-11 00:00:00
Chris Frye,P,2022-04-12 00:00:00
Chris Frye,P,2022-04-13 00:00:00
Chris Frye,WFH,2022-04-14 00:00:00
Chris Frye,FFL,2022-04-15 00:00:00
Chris Frye,WO,2022-04-16 00:00:00
Chris Frye,WO,2022-04-17 00:00:00
Chris Frye,P,2022-04-18 00:00:00
Chris Frye,P,2022-04-19 00:00:00
Chris Frye,P,2022-04-20 00:00:00
Chris Frye,WFH,2022-04-21 00:00:00
Chris Frye,WFH,2022-04-22 00:00:00
Chris Frye,WO,2022-04-23 00:00:00
Chris Frye,WO,2022-04-24 00:00:00
Chris Frye,P,2022-04-25 00:00:00
Chris Frye,P,2022-04-26 00:00:00
Chris Frye,P,2022-04-27 00:00:00
Chris Frye,WFH,2022-04-28 00:00:00
Chris Frye,WFH,2022-04-29 00:00:00
Chris Frye,WO,2022-04-30 00:00:00
Ciara Allison,P,2022-04-01 00:00:00
Ciara Allison,WO,2022-04-02 00:00:00
Ciara Allison,WO,2022-04-03 00:00:00
Ciara Allison,P,2022-04-04 00:00:00
Ciara Allison,P,2022-04-05 00:00:00
Ciara Allison,P,2022-04-06 00:00:00
Ciara Allison,P,2022-04-07 00:00:00
Ciara Allison,P,2022-04-08 00:00:00
Ciara Allison,WO,2022-04-09 00:00:00
Ciara Allison,WO,2022-04-10 00:00:00
Ciara Allison,P,2022-04-11 00:00:00
Ciara Allison,P,2022-04-12 00:00:00
Ciara Allison,P,2022-04-13 00:00:00
Ciara Allison,P,2022-04-14 00:00:00
Ciara Allison,P,2022-04-15 00:00:00
Ciara Allison,WO,2022-04-16 00:00:00
Ciara Allison,WO,2022-04-17 00:00:00
Ciara Allison,P,2022-04-18 00:00:00
Ciara Allison,P,2022-04-19 00:00:00
Ciara Allison,P,2022-04-20 00:00:00
Ciara Allison,P,2022-04-21 00:00:00
Ciara Allison,P,2022-04-22 00:00:00
Ciara Allison,WO,2022-04-23 00:00:00
Ciara Allison,WO,2022-04-24 00:00:00
Ciara Allison,P,2022-04-25 00:00:00
Ciara Allison,WO,2022-04-30 00:00:00
Cristofer Bernard,P,2022-04-01 00:00:00
Cristofer Bernard,WO,2022-04-02 00:00:00
Cristofer Bernard,WO,2022-04-03 00:00:00
Cristofer Bernard,P,2022-04-04 00:00:00
Cristofer Bernard,P,2022-04-05 00:00:00
Cristofer Bernard,P,2022-04-06 00:00:00
Cristofer Bernard,P,2022-04-07 00:00:00
Cristofer Bernard,P,2022-04-08 00:00:00
Cristofer Bernard,WO,2022-04-09 00:00:00
Cristofer Bernard,WO,2022-04-10 00:00:00
Cristofer Bernard,P,2022-04-11 00:00:00
Cristofer Bernard,P,2022-04-12 00:00:00
Cristofer Bernard,P,2022-04-13 00:00:00
Cristofer Bernard,P,2022-04-14 00:00:00
Cristofer Bernard,P,2022-04-15 00:00:00
Cristofer Bernard,WO,2022-04-16 00:00:00
Cristofer Bernard,WO,2022-04-17 00:00:00
Cristofer Bernard,P,2022-04-18 00:00:00
Cristofer Bernard,P,2022-04-19 00:00:00
Cristofer Bernard,P,2022-04-20 00:00:00
Cristofer Bernard,P,2022-04-21 00:00:00
Cristofer Bernard,P,2022-04-22 00:00:00
Cristofer Bernard,WO,2022-04-23 00:00:00
Cristofer Bernard,WO,2022-04-24 00:00:00
Cristofer Bernard,P,2022-04-25 00:00:00
Cristofer Bernard,P,2022-04-26 00:00:00
Cristofer Bernard,P,2022-04-27 00:00:00
Cristofer Bernard,P,2022-04-28 00:00:00
Cristofer Bernard,P,2022-04-29 00:00:00
Cristofer Bernard,WO,2022-04-30 00:00:00
Dallas Weeks,P,2022-04-01 00:00:00
Dallas Weeks,WO,2022-04-02 00:00:00
Dallas Weeks,WO,2022-04-03 00:00:00
Dallas Weeks,P,2022-04-04 00:00:00
Dallas Weeks,P,2022-04-05 00:00:00
Dallas Weeks,P,2022-04-06 00:00:00
Dallas Weeks,P,2022-04-07 00:00:00
Dallas Weeks,P,2022-04-08 00:00:00
Dallas Weeks,WO,2022-04-09 00:00:00
Dallas Weeks,WO,2022-04-10 00:00:00
Dallas Weeks,P,2022-04-11 00:00:00
Dallas Weeks,P,2022-04-12 00:00:00
Dallas Weeks,P,2022-04-13 00:00:00
Dallas Weeks,P,2022-04-14 00:00:00
Dallas Weeks,P,2022-04-15 00:00:00
Dallas Weeks,WO,2022-04-16 00:00:00
Dallas Weeks,WO,2022-04-17 00:00:00
Dallas Weeks,P,2022-04-18 00:00:00
Dallas Weeks,P,2022-04-19 00:00:00
Dallas Weeks,P,2022-04-20 00:00:00
Dallas Weeks,P,2022-04-21 00:00:00
Dallas Weeks,P,2022-04-22 00:00:00
Dallas Weeks,WO,2022-04-23 00:00:00
Dallas Weeks,WO,2022-04-24 00:00:00
Dallas Weeks,P,2022-04-25 00:00:00
Dallas Weeks,P,2022-04-26 00:00:00
Dallas Weeks,P,2022-04-27 00:00:00
Dallas Weeks,P,2022-04-28 00:00:00
Dallas Weeks,P,2022-04-29 00:00:00
Dallas Weeks,WO,2022-04-30 00:00:00
Dean Mclaughlin,P,2022-04-01 00:00:00
Dean Mclaughlin,WO,2022-04-02 00:00:00
Dean Mclaughlin,WO,2022-04-03 00:00:00
Dean Mclaughlin,P,2022-04-04 00:00:00
Dean Mclaughlin,P,2022-04-05 00:00:00
Dean Mclaughlin,P,2022-04-06 00:00:00
Dean Mclaughlin,P,2022-04-07 00:00:00
Dean Mclaughlin,P,2022-04-08 00:00:00
Dean Mclaughlin,WO,2022-04-09 00:00:00
Dean Mclaughlin,WO,2022-04-10 00:00:00
Dean Mclaughlin,P,2022-04-11 00:00:00
Dean Mclaughlin,P,2022-04-12 00:00:00
Dean Mclaughlin,ML,2022-04-13 00:00:00
Dean Mclaughlin,P,2022-04-14 00:00:00
Dean Mclaughlin,P,2022-04-15 00:00:00
Dean Mclaughlin,WO,2022-04-16 00:00:00
Dean Mclaughlin,WO,2022-04-17 00:00:00
Dean Mclaughlin,P,2022-04-18 00:00:00
Dean Mclaughlin,P,2022-04-19 00:00:00
Dean Mclaughlin,PL,2022-04-20 00:00:00
Dean Mclaughlin,P,2022-04-21 00:00:00
Dean Mclaughlin,P,2022-04-22 00:00:00
Dean Mclaughlin,WO,2022-04-23 00:00:00
Dean Mclaughlin,WO,2022-04-24 00:00:00
Dean Mclaughlin,P,2022-04-25 00:00:00
Dean Mclaughlin,P,2022-04-26 00:00:00
Dean Mclaughlin,P,2022-04-27 00:00:00
Dean Mclaughlin,P,2022-04-28 00:00:00
Dean Mclaughlin,P,2022-04-29 00:00:00
Dean Mclaughlin,WO,2022-04-30 00:00:00
Demarcus Gordon,P,2022-04-01 00:00:00
Demarcus Gordon,WO,2022-04-02 00:00:00
Demarcus Gordon,WO,2022-04-03 00:00:00
Demarcus Gordon,P,2022-04-04 00:00:00
Demarcus Gordon,P,2022-04-05 00:00:00
Demarcus Gordon,P,2022-04-06 00:00:00
Demarcus Gordon,P,2022-04-07 00:00:00
Demarcus Gordon,P,2022-04-08 00:00:00
Demarcus Gordon,WO,2022-04-09 00:00:00
Demarcus Gordon,WO,2022-04-10 00:00:00
Demarcus Gordon,PL,2022-04-11 00:00:00
Demarcus Gordon,PL,2022-04-12 00:00:00
Demarcus Gordon,P,2022-04-13 00:00:00
Demarcus Gordon,P,2022-04-14 00:00:00
Demarcus Gordon,P,2022-04-15 00:00:00
Demarcus Gordon,WO,2022-04-16 00:00:00
Demarcus Gordon,WO,2022-04-17 00:00:00
Demarcus Gordon,P,2022-04-18 00:00:00
Demarcus Gordon,P,2022-04-19 00:00:00
Demarcus Gordon,P,2022-04-20 00:00:00
Demarcus Gordon,P,2022-04-21 00:00:00
Demarcus Gordon,P,2022-04-22 00:00:00
Demarcus Gordon,WO,2022-04-23 00:00:00
Demarcus Gordon,WO,2022-04-24 00:00:00
Demarcus Gordon,P,2022-04-25 00:00:00
Demarcus Gordon,P,2022-04-26 00:00:00
Demarcus Gordon,P,2022-04-27 00:00:00
Demarcus Gordon,P,2022-04-28 00:00:00
Demarcus Gordon,P,2022-04-29 00:00:00
Demarcus Gordon,WO,2022-04-30 00:00:00
Dominique Benjamin,P,2022-04-01 00:00:00
Dominique Benjamin,WO,2022-04-02 00:00:00
Dominique Benjamin,WO,2022-04-03 00:00:00
Dominique Benjamin,P,2022-04-04 00:00:00
Dominique Benjamin,P,2022-04-05 00:00:00
Dominique Benjamin,P,2022-04-06 00:00:00
Dominique Benjamin,P,2022-04-07 00:00:00
Dominique Benjamin,P,2022-04-08 00:00:00
Dominique Benjamin,WO,2022-04-09 00:00:00
Dominique Benjamin,WO,2022-04-10 00:00:00
Dominique Benjamin,P,2022-04-11 00:00:00
Dominique Benjamin,P,2022-04-12 00:00:00
Dominique Benjamin,P,2022-04-13 00:00:00
Dominique Benjamin,P,2022-04-14 00:00:00
Dominique Benjamin,P,2022-04-15 00:00:00
Dominique Benjamin,WO,2022-04-16 00:00:00
Dominique Benjamin,WO,2022-04-17 00:00:00
Dominique Benjamin,P,2022-04-18 00:00:00
Dominique Benjamin,P,2022-04-19 00:00:00
Dominique Benjamin,P,2022-04-20 00:00:00
Dominique Benjamin,P,2022-04-21 00:00:00
Dominique Benjamin,P,2022-04-22 00:00:00
Dominique Benjamin,WO,2022-04-23 00:00:00
Dominique Benjamin,WO,2022-04-24 00:00:00
Dominique Benjamin,P,2022-04-25 00:00:00
Dominique Benjamin,P,2022-04-26 00:00:00
Dominique Benjamin,P,2022-04-27 00:00:00
Dominique Benjamin,P,2022-04-28 00:00:00
Dominique Benjamin,P,2022-04-29 00:00:00
Dominique Benjamin,WO,2022-04-30 00:00:00
Ella Roth,P,2022-04-01 00:00:00
Ella Roth,WO,2022-04-02 00:00:00
Ella Roth,WO,2022-04-03 00:00:00
Ella Roth,P,2022-04-04 00:00:00
Ella Roth,P,2022-04-05 00:00:00
Ella Roth,HPL,2022-04-06 00:00:00
Ella Roth,P,2022-04-07 00:00:00
Ella Roth,P,2022-04-08 00:00:00
Ella Roth,WO,2022-04-09 00:00:00
Ella Roth,WO,2022-04-10 00:00:00
Ella Roth,P,2022-04-11 00:00:00
Ella Roth,P,2022-04-12 00:00:00
Ella Roth,P,2022-04-13 00:00:00
Ella Roth,P,2022-04-14 00:00:00
Ella Roth,P,2022-04-15 00:00:00
Ella Roth,WO,2022-04-16 00:00:00
Ella Roth,WO,2022-04-17 00:00:00
Ella Roth,P,2022-04-18 00:00:00
Ella Roth,SL,2022-04-19 00:00:00
Ella Roth,P,2022-04-20 00:00:00
Ella Roth,P,2022-04-21 00:00:00
Ella Roth,P,2022-04-22 00:00:00
Ella Roth,WO,2022-04-23 00:00:00
Ella Roth,WO,2022-04-24 00:00:00
Ella Roth,P,2022-04-25 00:00:00
Ella Roth,P,2022-04-26 00:00:00
Ella Roth,WFH,2022-04-27 00:00:00
Ella Roth,WFH,2022-04-28 00:00:00
Ella Roth,P,2022-04-29 00:00:00
Ella Roth,WO,2022-04-30 00:00:00
Emma Freeman,P,2022-04-01 00:00:00
Emma Freeman,WO,2022-04-02 00:00:00
Emma Freeman,WO,2022-04-03 00:00:00
Emma Freeman,WFH,2022-04-04 00:00:00
Emma Freeman,WFH,2022-04-05 00:00:00
Emma Freeman,P,2022-04-06 00:00:00
Emma Freeman,P,2022-04-07 00:00:00
Emma Freeman,P,2022-04-08 00:00:00
Emma Freeman,WO,2022-04-09 00:00:00
Emma Freeman,WO,2022-04-10 00:00:00
Emma Freeman,P,2022-04-11 00:00:00
Emma Freeman,LWP,2022-04-12 00:00:00
Emma Freeman,P,2022-04-13 00:00:00
Emma Freeman,P,2022-04-14 00:00:00
Emma Freeman,P,2022-04-15 00:00:00
Emma Freeman,WO,2022-04-16 00:00:00
Emma Freeman,WO,2022-04-17 00:00:00
Emma Freeman,P,2022-04-18 00:00:00
Emma Freeman,P,2022-04-19 00:00:00
Emma Freeman,P,2022-04-20 00:00:00
Emma Freeman,P,2022-04-21 00:00:00
Emma Freeman,P,2022-04-22 00:00:00
Emma Freeman,WO,2022-04-23 00:00:00
Emma Freeman,WO,2022-04-24 00:00:00
Emma Freeman,WFH,2022-04-25 00:00:00
Emma Freeman,P,2022-04-26 00:00:00
Emma Freeman,P,2022-04-27 00:00:00
Emma Freeman,P,2022-04-28 00:00:00
Emma Freeman,P,2022-04-29 00:00:00
Emma Freeman,WO,2022-04-30 00:00:00
Esperanza Irwin,P,2022-04-01 00:00:00
Esperanza Irwin,WO,2022-04-02 00:00:00
Esperanza Irwin,WO,2022-04-03 00:00:00
Esperanza Irwin,P,2022-04-04 00:00:00
Esperanza Irwin,P,2022-04-05 00:00:00
Esperanza Irwin,P,2022-04-06 00:00:00
Esperanza Irwin,P,2022-04-07 00:00:00
Esperanza Irwin,P,2022-04-08 00:00:00
Esperanza Irwin,WO,2022-04-09 00:00:00
Esperanza Irwin,WO,2022-04-10 00:00:00
Esperanza Irwin,P,2022-04-11 00:00:00
Esperanza Irwin,P,2022-04-12 00:00:00
Esperanza Irwin,P,2022-04-13 00:00:00
Esperanza Irwin,P,2022-04-14 00:00:00
Esperanza Irwin,P,2022-04-15 00:00:00
Esperanza Irwin,WO,2022-04-16 00:00:00
Esperanza Irwin,WO,2022-04-17 00:00:00
Esperanza Irwin,P,2022-04-18 00:00:00
Esperanza Irwin,P,2022-04-19 00:00:00
Esperanza Irwin,P,2022-04-20 00:00:00
Esperanza Irwin,P,2022-04-21 00:00:00
Esperanza Irwin,P,2022-04-22 00:00:00
Esperanza Irwin,WO,2022-04-23 00:00:00
Esperanza Irwin,WO,2022-04-24 00:00:00
Esperanza Irwin,P,2022-04-25 00:00:00
Esperanza Irwin,P,2022-04-26 00:00:00
Esperanza Irwin,P,2022-04-27 00:00:00
Esperanza Irwin,P,2022-04-28 00:00:00
Esperanza Irwin,P,2022-04-29 00:00:00
Esperanza Irwin,WO,2022-04-30 00:00:00
Faith Hamilton,P,2022-04-01 00:00:00
Faith Hamilton,WO,2022-04-02 00:00:00
Faith Hamilton,WO,2022-04-03 00:00:00
Faith Hamilton,P,2022-04-04 00:00:00
Faith Hamilton,P,2022-04-05 00:00:00
Faith Hamilton,P,2022-04-06 00:00:00
Faith Hamilton,P,2022-04-07 00:00:00
Faith Hamilton,P,2022-04-08 00:00:00
Faith Hamilton,WO,2022-04-09 00:00:00
Faith Hamilton,WO,2022-04-10 00:00:00
Faith Hamilton,P,2022-04-11 00:00:00
Faith Hamilton,P,2022-04-12 00:00:00
Faith Hamilton,P,2022-04-13 00:00:00
Faith Hamilton,P,2022-04-14 00:00:00
Faith Hamilton,P,2022-04-15 00:00:00
Faith Hamilton,WO,2022-04-16 00:00:00
Faith Hamilton,WO,2022-04-17 00:00:00
Faith Hamilton,P,2022-04-18 00:00:00
Faith Hamilton,P,2022-04-19 00:00:00
Faith Hamilton,P,2022-04-20 00:00:00
Faith Hamilton,P,2022-04-21 00:00:00
Faith Hamilton,P,2022-04-22 00:00:00
Faith Hamilton,WO,2022-04-23 00:00:00
Faith Hamilton,WO,2022-04-24 00:00:00
Faith Hamilton,PL,2022-04-25 00:00:00
Faith Hamilton,P,2022-04-26 00:00:00
Faith Hamilton,P,2022-04-27 00:00:00
Faith Hamilton,P,2022-04-28 00:00:00
Faith Hamilton,P,2022-04-29 00:00:00
Faith Hamilton,WO,2022-04-30 00:00:00
Finnegan Gilbert,P,2022-04-01 00:00:00
Finnegan Gilbert,WO,2022-04-02 00:00:00
Finnegan Gilbert,WO,2022-04-03 00:00:00
Finnegan Gilbert,P,2022-04-04 00:00:00
Finnegan Gilbert,P,2022-04-05 00:00:00
Finnegan Gilbert,P,2022-04-06 00:00:00
Finnegan Gilbert,P,2022-04-07 00:00:00
Finnegan Gilbert,P,2022-04-08 00:00:00
Finnegan Gilbert,WO,2022-04-09 00:00:00
Finnegan Gilbert,WO,2022-04-10 00:00:00
Finnegan Gilbert,P,2022-04-11 00:00:00
Finnegan Gilbert,P,2022-04-12 00:00:00
Finnegan Gilbert,P,2022-04-13 00:00:00
Finnegan Gilbert,P,2022-04-14 00:00:00
Finnegan Gilbert,P,2022-04-15 00:00:00
Finnegan Gilbert,WO,2022-04-16 00:00:00
Finnegan Gilbert,WO,2022-04-17 00:00:00
Finnegan Gilbert,P,2022-04-18 00:00:00
Finnegan Gilbert,P,2022-04-19 00:00:00
Finnegan Gilbert,P,2022-04-20 00:00:00
Finnegan Gilbert,P,2022-04-21 00:00:00
Finnegan Gilbert,WFH,2022-04-22 00:00:00
Finnegan Gilbert,WO,2022-04-23 00:00:00
Finnegan Gilbert,WO,2022-04-24 00:00:00
Finnegan Gilbert,P,2022-04-25 00:00:00
Finnegan Gilbert,P,2022-04-26 00:00:00
Finnegan Gilbert,P,2022-04-27 00:00:00
Finnegan Gilbert,P,2022-04-28 00:00:00
Finnegan Gilbert,WFH,2022-04-29 00:00:00
Finnegan Gilbert,WO,2022-04-30 00:00:00
Grace Stone,P,2022-04-01 00:00:00
Grace Stone,WO,2022-04-02 00:00:00
Grace Stone,WO,2022-04-03 00:00:00
Grace Stone,P,2022-04-04 00:00:00
Grace Stone,P,2022-04-05 00:00:00
Grace Stone,P,2022-04-06 00:00:00
Grace Stone,P,2022-04-07 00:00:00
Grace Stone,P,2022-04-08 00:00:00
Grace Stone,WO,2022-04-09 00:00:00
Grace Stone,WO,2022-04-10 00:00:00
Grace Stone,P,2022-04-11 00:00:00
Grace Stone,P,2022-04-12 00:00:00
Grace Stone,ML,2022-04-13 00:00:00
Grace Stone,PL,2022-04-14 00:00:00
Grace Stone,P,2022-04-15 00:00:00
Grace Stone,WO,2022-04-16 00:00:00
Grace Stone,WO,2022-04-17 00:00:00
Grace Stone,P,2022-04-18 00:00:00
Grace Stone,P,2022-04-19 00:00:00
Grace Stone,P,2022-04-20 00:00:00
Grace Stone,P,2022-04-21 00:00:00
Grace Stone,P,2022-04-22 00:00:00
Grace Stone,WO,2022-04-23 00:00:00
Grace Stone,WO,2022-04-24 00:00:00
Grace Stone,P,2022-04-25 00:00:00
Grace Stone,P,2022-04-26 00:00:00
Grace Stone,P,2022-04-27 00:00:00
Grace Stone,P,2022-04-28 00:00:00
Grace Stone,WFH,2022-04-29 00:00:00
Grace Stone,WO,2022-04-30 00:00:00
Gregory Carr,WFH,2022-04-01 00:00:00
Gregory Carr,WO,2022-04-02 00:00:00
Gregory Carr,WO,2022-04-03 00:00:00
Gregory Carr,WFH,2022-04-04 00:00:00
Gregory Carr,WFH,2022-04-05 00:00:00
Gregory Carr,WFH,2022-04-06 00:00:00
Gregory Carr,WFH,2022-04-07 00:00:00
Gregory Carr,WFH,2022-04-08 00:00:00
Gregory Carr,WO,2022-04-09 00:00:00
Gregory Carr,WO,2022-04-10 00:00:00
Gregory Carr,WFH,2022-04-11 00:00:00
Gregory Carr,WFH,2022-04-12 00:00:00
Gregory Carr,WFH,2022-04-13 00:00:00
Gregory Carr,WFH,2022-04-14 00:00:00
Gregory Carr,WFH,2022-04-15 00:00:00
Gregory Carr,WO,2022-04-16 00:00:00
Gregory Carr,WO,2022-04-17 00:00:00
Gregory Carr,LWP,2022-04-18 00:00:00
Gregory Carr,LWP,2022-04-19 00:00:00
Gregory Carr,LWP,2022-04-20 00:00:00
Gregory Carr,LWP,2022-04-21 00:00:00
Gregory Carr,LWP,2022-04-22 00:00:00
Gregory Carr,WO,2022-04-23 00:00:00
Gregory Carr,WO,2022-04-24 00:00:00
Gregory Carr,LWP,2022-04-25 00:00:00
Gregory Carr,LWP,2022-04-26 00:00:00
Gregory Carr,LWP,2022-04-27 00:00:00
Gregory Carr,LWP,2022-04-28 00:00:00
Gregory Carr,LWP,2022-04-29 00:00:00
Gregory Carr,WO,2022-04-30 00:00:00
Greta Horton,P,2022-04-01 00:00:00
Greta Horton,WO,2022-04-02 00:00:00
Greta Horton,WO,2022-04-03 00:00:00
Greta Horton,P,2022-04-04 00:00:00
Greta Horton,P,2022-04-05 00:00:00
Greta Horton,P,2022-04-06 00:00:00
Greta Horton,P,2022-04-07 00:00:00
Greta Horton,WFH,2022-04-08 00:00:00
Greta Horton,WO,2022-04-09 00:00:00
Greta Horton,WO,2022-04-10 00:00:00
Greta Horton,P,2022-04-11 00:00:00
Greta Horton,P,2022-04-12 00:00:00
Greta Horton,P,2022-04-13 00:00:00
Greta Horton,P,2022-04-14 00:00:00
Greta Horton,P,2022-04-15 00:00:00
Greta Horton,WO,2022-04-16 00:00:00
Greta Horton,WO,2022-04-17 00:00:00
Greta Horton,P,2022-04-18 00:00:00
Greta Horton,P,2022-04-19 00:00:00
Greta Horton,P,2022-04-20 00:00:00
Greta Horton,P,2022-04-21 00:00:00
Greta Horton,P,2022-04-22 00:00:00
Greta Horton,WO,2022-04-23 00:00:00
Greta Horton,WO,2022-04-24 00:00:00
Greta Horton,P,2022-04-25 00:00:00
Greta Horton,P,2022-04-26 00:00:00
Greta Horton,P,2022-04-27 00:00:00
Greta Horton,P,2022-04-28 00:00:00
Greta Horton,P,2022-04-29 00:00:00
Greta Horton,WO,2022-04-30 00:00:00
Gustavo Ritter,WFH,2022-04-01 00:00:00
Gustavo Ritter,WO,2022-04-02 00:00:00
Gustavo Ritter,WO,2022-04-03 00:00:00
Gustavo Ritter,WFH,2022-04-04 00:00:00
Gustavo Ritter,WFH,2022-04-05 00:00:00
Gustavo Ritter,WFH,2022-04-06 00:00:00
Gustavo Ritter,WFH,2022-04-07 00:00:00
Gustavo Ritter,WFH,2022-04-08 00:00:00
Gustavo Ritter,WO,2022-04-09 00:00:00
Gustavo Ritter,WO,2022-04-10 00:00:00
Gustavo Ritter,WFH,2022-04-11 00:00:00
Gustavo Ritter,WFH,2022-04-12 00:00:00
Gustavo Ritter,WFH,2022-04-13 00:00:00
Gustavo Ritter,WFH,2022-04-14 00:00:00
Gustavo Ritter,WFH,2022-04-15 00:00:00
Gustavo Ritter,WO,2022-04-16 00:00:00
Gustavo Ritter,WO,2022-04-17 00:00:00
Gustavo Ritter,WFH,2022-04-18 00:00:00
Gustavo Ritter,WFH,2022-04-19 00:00:00
Gustavo Ritter,WFH,2022-04-20 00:00:00
Gustavo Ritter,WFH,2022-04-21 00:00:00
Gustavo Ritter,WFH,2022-04-22 00:00:00
Gustavo Ritter,WO,2022-04-23 00:00:00
Gustavo Ritter,WO,2022-04-24 00:00:00
Gustavo Ritter,WFH,2022-04-25 00:00:00
Gustavo Ritter,WFH,2022-04-26 00:00:00
Gustavo Ritter,WFH,2022-04-27 00:00:00
Gustavo Ritter,WFH,2022-04-28 00:00:00
Gustavo Ritter,WFH,2022-04-29 00:00:00
Gustavo Ritter,WO,2022-04-30 00:00:00
Hailee Fitzpatrick,P,2022-04-01 00:00:00
Hailee Fitzpatrick,WO,2022-04-02 00:00:00
Hailee Fitzpatrick,WO,2022-04-03 00:00:00
Hailee Fitzpatrick,P,2022-04-04 00:00:00
Hailee Fitzpatrick,ML,2022-04-05 00:00:00
Hailee Fitzpatrick,P,2022-04-06 00:00:00
Hailee Fitzpatrick,P,2022-04-07 00:00:00
Hailee Fitzpatrick,P,2022-04-08 00:00:00
Hailee Fitzpatrick,WO,2022-04-09 00:00:00
Hailee Fitzpatrick,WO,2022-04-10 00:00:00
Hailee Fitzpatrick,P,2022-04-11 00:00:00
Hailee Fitzpatrick,P,2022-04-12 00:00:00
Hailee Fitzpatrick,P,2022-04-13 00:00:00
Hailee Fitzpatrick,P,2022-04-14 00:00:00
Hailee Fitzpatrick,P,2022-04-15 00:00:00
Hailee Fitzpatrick,WO,2022-04-16 00:00:00
Hailee Fitzpatrick,WO,2022-04-17 00:00:00
Hailee Fitzpatrick,P,2022-04-18 00:00:00
Hailee Fitzpatrick,P,2022-04-19 00:00:00
Hailee Fitzpatrick,P,2022-04-20 00:00:00
Hailee Fitzpatrick,P,2022-04-21 00:00:00
Hailee Fitzpatrick,P,2022-04-22 00:00:00
Hailee Fitzpatrick,WO,2022-04-23 00:00:00
Hailee Fitzpatrick,WO,2022-04-24 00:00:00
Hailee Fitzpatrick,P,2022-04-25 00:00:00
Hailee Fitzpatrick,P,2022-04-26 00:00:00
Hailee Fitzpatrick,P,2022-04-27 00:00:00
Hailee Fitzpatrick,P,2022-04-28 00:00:00
Hailee Fitzpatrick,P,2022-04-29 00:00:00
Hailee Fitzpatrick,WO,2022-04-30 00:00:00
Hillary Kirk,P,2022-04-01 00:00:00
Hillary Kirk,WO,2022-04-02 00:00:00
Hillary Kirk,WO,2022-04-03 00:00:00
Hillary Kirk,P,2022-04-04 00:00:00
Hillary Kirk,P,2022-04-05 00:00:00
Hillary Kirk,P,2022-04-06 00:00:00
Hillary Kirk,LWP,2022-04-07 00:00:00
Hillary Kirk,P,2022-04-08 00:00:00
Hillary Kirk,WO,2022-04-09 00:00:00
Hillary Kirk,WO,2022-04-10 00:00:00
Hillary Kirk,P,2022-04-11 00:00:00
Hillary Kirk,P,2022-04-12 00:00:00
Hillary Kirk,P,2022-04-13 00:00:00
Hillary Kirk,P,2022-04-14 00:00:00
Hillary Kirk,P,2022-04-15 00:00:00
Hillary Kirk,WO,2022-04-16 00:00:00
Hillary Kirk,WO,2022-04-17 00:00:00
Hillary Kirk,P,2022-04-18 00:00:00
Hillary Kirk,P,2022-04-19 00:00:00
Hillary Kirk,P,2022-04-20 00:00:00
Hillary Kirk,P,2022-04-21 00:00:00
Hillary Kirk,P,2022-04-22 00:00:00
Hillary Kirk,WO,2022-04-23 00:00:00
Hillary Kirk,WO,2022-04-24 00:00:00
Hillary Kirk,P,2022-04-25 00:00:00
Hillary Kirk,P,2022-04-26 00:00:00
Hillary Kirk,P,2022-04-27 00:00:00
Hillary Kirk,P,2022-04-28 00:00:00
Hillary Kirk,P,2022-04-29 00:00:00
Hillary Kirk,WO,2022-04-30 00:00:00
Iris Woodard,P,2022-04-01 00:00:00
Iris Woodard,WO,2022-04-02 00:00:00
Iris Woodard,WO,2022-04-03 00:00:00
Iris Woodard,P,2022-04-04 00:00:00
Iris Woodard,P,2022-04-05 00:00:00
Iris Woodard,P,2022-04-06 00:00:00
Iris Woodard,P,2022-04-07 00:00:00
Iris Woodard,P,2022-04-08 00:00:00
Iris Woodard,WO,2022-04-09 00:00:00
Iris Woodard,WO,2022-04-10 00:00:00
Iris Woodard,P,2022-04-11 00:00:00
Iris Woodard,P,2022-04-12 00:00:00
Iris Woodard,P,2022-04-13 00:00:00
Iris Woodard,P,2022-04-14 00:00:00
Iris Woodard,P,2022-04-15 00:00:00
Iris Woodard,WO,2022-04-16 00:00:00
Iris Woodard,WO,2022-04-17 00:00:00
Iris Woodard,P,2022-04-18 00:00:00
Iris Woodard,P,2022-04-19 00:00:00
Iris Woodard,P,2022-04-20 00:00:00
Iris Woodard,P,2022-04-21 00:00:00
Iris Woodard,P,2022-04-22 00:00:00
Iris Woodard,WO,2022-04-23 00:00:00
Iris Woodard,WO,2022-04-24 00:00:00
Iris Woodard,P,2022-04-25 00:00:00
Iris Woodard,P,2022-04-26 00:00:00
Iris Woodard,P,2022-04-27 00:00:00
Iris Woodard,P,2022-04-28 00:00:00
Iris Woodard,BL,2022-04-29 00:00:00
Iris Woodard,WO,2022-04-30 00:00:00
Isiah Small,P,2022-04-01 00:00:00
Isiah Small,WO,2022-04-02 00:00:00
Isiah Small,WO,2022-04-03 00:00:00
Isiah Small,P,2022-04-04 00:00:00
Isiah Small,P,2022-04-05 00:00:00
Isiah Small,P,2022-04-06 00:00:00
Isiah Small,P,2022-04-07 00:00:00
Isiah Small,P,2022-04-08 00:00:00
Isiah Small,WO,2022-04-09 00:00:00
Isiah Small,WO,2022-04-10 00:00:00
Isiah Small,P,2022-04-11 00:00:00
Isiah Small,P,2022-04-12 00:00:00
Isiah Small,P,2022-04-13 00:00:00
Isiah Small,P,2022-04-14 00:00:00
Isiah Small,P,2022-04-15 00:00:00
Isiah Small,WO,2022-04-16 00:00:00
Isiah Small,WO,2022-04-17 00:00:00
Isiah Small,P,2022-04-18 00:00:00
Isiah Small,P,2022-04-19 00:00:00
Isiah Small,P,2022-04-20 00:00:00
Isiah Small,P,2022-04-21 00:00:00
Isiah Small,P,2022-04-22 00:00:00
Isiah Small,WO,2022-04-23 00:00:00
Isiah Small,WO,2022-04-24 00:00:00
Isiah Small,P,2022-04-25 00:00:00
Isiah Small,P,2022-04-26 00:00:00
Isiah Small,P,2022-04-27 00:00:00
Isiah Small,P,2022-04-28 00:00:00
Isiah Small,P,2022-04-29 00:00:00
Isiah Small,WO,2022-04-30 00:00:00
Janelle Raymond,HML,2022-04-01 00:00:00
Janelle Raymond,WO,2022-04-02 00:00:00
Janelle Raymond,WO,2022-04-03 00:00:00
Janelle Raymond,P,2022-04-04 00:00:00
Janelle Raymond,P,2022-04-05 00:00:00
Janelle Raymond,P,2022-04-06 00:00:00
Janelle Raymond,P,2022-04-07 00:00:00
Janelle Raymond,P,2022-04-08 00:00:00
Janelle Raymond,WO,2022-04-09 00:00:00
Janelle Raymond,WO,2022-04-10 00:00:00
Janelle Raymond,P,2022-04-11 00:00:00
Janelle Raymond,P,2022-04-12 00:00:00
Janelle Raymond,WO,2022-04-16 00:00:00
Janelle Raymond,WO,2022-04-17 00:00:00
Janelle Raymond,WO,2022-04-23 00:00:00
Janelle Raymond,WO,2022-04-24 00:00:00
Janelle Raymond,WO,2022-04-30 00:00:00
Jarvis Singh,P,2022-04-01 00:00:00
Jarvis Singh,WO,2022-04-02 00:00:00
Jarvis Singh,WO,2022-04-03 00:00:00
Jarvis Singh,P,2022-04-04 00:00:00
Jarvis Singh,P,2022-04-05 00:00:00
Jarvis Singh,P,2022-04-06 00:00:00
Jarvis Singh,P,2022-04-07 00:00:00
Jarvis Singh,P,2022-04-08 00:00:00
Jarvis Singh,WO,2022-04-09 00:00:00
Jarvis Singh,WO,2022-04-10 00:00:00
Jarvis Singh,P,2022-04-11 00:00:00
Jarvis Singh,P,2022-04-12 00:00:00
Jarvis Singh,P,2022-04-13 00:00:00
Jarvis Singh,P,2022-04-14 00:00:00
Jarvis Singh,P,2022-04-15 00:00:00
Jarvis Singh,WO,2022-04-16 00:00:00
Jarvis Singh,WO,2022-04-17 00:00:00
Jarvis Singh,P,2022-04-18 00:00:00
Jarvis Singh,P,2022-04-19 00:00:00
Jarvis Singh,P,2022-04-20 00:00:00
Jarvis Singh,P,2022-04-21 00:00:00
Jarvis Singh,P,2022-04-22 00:00:00
Jarvis Singh,WO,2022-04-23 00:00:00
Jarvis Singh,WO,2022-04-24 00:00:00
Jarvis Singh,P,2022-04-25 00:00:00
Jarvis Singh,P,2022-04-26 00:00:00
Jarvis Singh,P,2022-04-27 00:00:00
Jarvis Singh,P,2022-04-28 00:00:00
Jarvis Singh,P,2022-04-29 00:00:00
Jarvis Singh,WO,2022-04-30 00:00:00
Jase Ingram,P,2022-04-01 00:00:00
Jase Ingram,WO,2022-04-02 00:00:00
Jase Ingram,WO,2022-04-03 00:00:00
Jase Ingram,HPL,2022-04-04 00:00:00
Jase Ingram,P,2022-04-05 00:00:00
Jase Ingram,P,2022-04-06 00:00:00
Jase Ingram,P,2022-04-07 00:00:00
Jase Ingram,P,2022-04-08 00:00:00
Jase Ingram,WO,2022-04-09 00:00:00
Jase Ingram,WO,2022-04-10 00:00:00
Jase Ingram,P,2022-04-11 00:00:00
Jase Ingram,P,2022-04-12 00:00:00
Jase Ingram,P,2022-04-13 00:00:00
Jase Ingram,P,2022-04-14 00:00:00
Jase Ingram,P,2022-04-15 00:00:00
Jase Ingram,WO,2022-04-16 00:00:00
Jase Ingram,WO,2022-04-17 00:00:00
Jase Ingram,P,2022-04-18 00:00:00
Jase Ingram,P,2022-04-19 00:00:00
Jase Ingram,P,2022-04-20 00:00:00
Jase Ingram,P,2022-04-21 00:00:00
Jase Ingram,P,2022-04-22 00:00:00
Jase Ingram,WO,2022-04-23 00:00:00
Jase Ingram,WO,2022-04-24 00:00:00
Jase Ingram,P,2022-04-25 00:00:00
Jase Ingram,P,2022-04-26 00:00:00
Jase Ingram,P,2022-04-27 00:00:00
Jase Ingram,PL,2022-04-28 00:00:00
Jase Ingram,P,2022-04-29 00:00:00
Jase Ingram,WO,2022-04-30 00:00:00
Jayce Fuentes,P,2022-04-01 00:00:00
Jayce Fuentes,WO,2022-04-02 00:00:00
Jayce Fuentes,WO,2022-04-03 00:00:00
Jayce Fuentes,P,2022-04-04 00:00:00
Jayce Fuentes,P,2022-04-05 00:00:00
Jayce Fuentes,P,2022-04-06 00:00:00
Jayce Fuentes,P,2022-04-07 00:00:00
Jayce Fuentes,P,2022-04-08 00:00:00
Jayce Fuentes,WO,2022-04-09 00:00:00
Jayce Fuentes,WO,2022-04-10 00:00:00
Jayce Fuentes,P,2022-04-11 00:00:00
Jayce Fuentes,P,2022-04-12 00:00:00
Jayce Fuentes,P,2022-04-13 00:00:00
Jayce Fuentes,P,2022-04-14 00:00:00
Jayce Fuentes,P,2022-04-15 00:00:00
Jayce Fuentes,WO,2022-04-16 00:00:00
Jayce Fuentes,WO,2022-04-17 00:00:00
Jayce Fuentes,P,2022-04-18 00:00:00
Jayce Fuentes,P,2022-04-19 00:00:00
Jayce Fuentes,P,2022-04-20 00:00:00
Jayce Fuentes,P,2022-04-21 00:00:00
Jayce Fuentes,P,2022-04-22 00:00:00
Jayce Fuentes,WO,2022-04-23 00:00:00
Jayce Fuentes,WO,2022-04-24 00:00:00
Jayce Fuentes,P,2022-04-25 00:00:00
Jayce Fuentes,P,2022-04-26 00:00:00
Jayce Fuentes,P,2022-04-27 00:00:00
Jayce Fuentes,P,2022-04-28 00:00:00
Jayce Fuentes,P,2022-04-29 00:00:00
Jayce Fuentes,WO,2022-04-30 00:00:00
Jessie Carrillo,P,2022-04-01 00:00:00
Jessie Carrillo,WO,2022-04-02 00:00:00
Jessie Carrillo,WO,2022-04-03 00:00:00
Jessie Carrillo,P,2022-04-04 00:00:00
Jessie Carrillo,P,2022-04-05 00:00:00
Jessie Carrillo,P,2022-04-06 00:00:00
Jessie Carrillo,LWP,2022-04-07 00:00:00
Jessie Carrillo,P,2022-04-08 00:00:00
Jessie Carrillo,WO,2022-04-09 00:00:00
Jessie Carrillo,WO,2022-04-10 00:00:00
Jessie Carrillo,P,2022-04-11 00:00:00
Jessie Carrillo,P,2022-04-12 00:00:00
Jessie Carrillo,P,2022-04-13 00:00:00
Jessie Carrillo,P,2022-04-14 00:00:00
Jessie Carrillo,WFH,2022-04-15 00:00:00
Jessie Carrillo,WO,2022-04-16 00:00:00
Jessie Carrillo,WO,2022-04-17 00:00:00
Jessie Carrillo,P,2022-04-18 00:00:00
Jessie Carrillo,P,2022-04-19 00:00:00
Jessie Carrillo,P,2022-04-20 00:00:00
Jessie Carrillo,P,2022-04-21 00:00:00
Jessie Carrillo,P,2022-04-22 00:00:00
Jessie Carrillo,WO,2022-04-23 00:00:00
Jessie Carrillo,WO,2022-04-24 00:00:00
Jessie Carrillo,P,2022-04-25 00:00:00
Jessie Carrillo,P,2022-04-26 00:00:00
Jessie Carrillo,P,2022-04-27 00:00:00
Jessie Carrillo,P,2022-04-28 00:00:00
Jessie Carrillo,P,2022-04-29 00:00:00
Jessie Carrillo,WO,2022-04-30 00:00:00
Joel Cruz,WFH,2022-04-01 00:00:00
Joel Cruz,WO,2022-04-02 00:00:00
Joel Cruz,WO,2022-04-03 00:00:00
Joel Cruz,WFH,2022-04-04 00:00:00
Joel Cruz,WFH,2022-04-05 00:00:00
Joel Cruz,WFH,2022-04-06 00:00:00
Joel Cruz,WFH,2022-04-07 00:00:00
Joel Cruz,WFH,2022-04-08 00:00:00
Joel Cruz,WO,2022-04-09 00:00:00
Joel Cruz,WO,2022-04-10 00:00:00
Joel Cruz,HML,2022-04-11 00:00:00
Joel Cruz,WFH,2022-04-12 00:00:00
Joel Cruz,WFH,2022-04-13 00:00:00
Joel Cruz,WFH,2022-04-14 00:00:00
Joel Cruz,WFH,2022-04-15 00:00:00
Joel Cruz,WO,2022-04-16 00:00:00
Joel Cruz,WO,2022-04-17 00:00:00
Joel Cruz,WFH,2022-04-18 00:00:00
Joel Cruz,WFH,2022-04-19 00:00:00
Joel Cruz,WFH,2022-04-20 00:00:00
Joel Cruz,WFH,2022-04-21 00:00:00
Joel Cruz,WFH,2022-04-22 00:00:00
Joel Cruz,WO,2022-04-23 00:00:00
Joel Cruz,WO,2022-04-24 00:00:00
Joel Cruz,WFH,2022-04-25 00:00:00
Joel Cruz,WFH,2022-04-26 00:00:00
Joel Cruz,WFH,2022-04-27 00:00:00
Joel Cruz,WFH,2022-04-28 00:00:00
Joel Cruz,WFH,2022-04-29 00:00:00
Joel Cruz,WO,2022-04-30 00:00:00
Jonah Hamilton,HPL,2022-04-01 00:00:00
Jonah Hamilton,WO,2022-04-02 00:00:00
Jonah Hamilton,WO,2022-04-03 00:00:00
Jonah Hamilton,WFH,2022-04-04 00:00:00
Jonah Hamilton,WFH,2022-04-05 00:00:00
Jonah Hamilton,PL,2022-04-06 00:00:00
Jonah Hamilton,P,2022-04-07 00:00:00
Jonah Hamilton,P,2022-04-08 00:00:00
Jonah Hamilton,WO,2022-04-09 00:00:00
Jonah Hamilton,WO,2022-04-10 00:00:00
Jonah Hamilton,P,2022-04-11 00:00:00
Jonah Hamilton,P,2022-04-12 00:00:00
Jonah Hamilton,SL,2022-04-13 00:00:00
Jonah Hamilton,P,2022-04-14 00:00:00
Jonah Hamilton,P,2022-04-15 00:00:00
Jonah Hamilton,WO,2022-04-16 00:00:00
Jonah Hamilton,WO,2022-04-17 00:00:00
Jonah Hamilton,P,2022-04-18 00:00:00
Jonah Hamilton,P,2022-04-19 00:00:00
Jonah Hamilton,P,2022-04-20 00:00:00
Jonah Hamilton,P,2022-04-21 00:00:00
Jonah Hamilton,PL,2022-04-22 00:00:00
Jonah Hamilton,WO,2022-04-23 00:00:00
Jonah Hamilton,WO,2022-04-24 00:00:00
Jonah Hamilton,P,2022-04-25 00:00:00
Jonah Hamilton,P,2022-04-26 00:00:00
Jonah Hamilton,P,2022-04-27 00:00:00
Jonah Hamilton,P,2022-04-28 00:00:00
Jonah Hamilton,P,2022-04-29 00:00:00
Jonah Hamilton,WO,2022-04-30 00:00:00
Josh Sharp,WO,2022-04-02 00:00:00
Josh Sharp,WO,2022-04-03 00:00:00
Josh Sharp,WO,2022-04-09 00:00:00
Josh Sharp,WO,2022-04-10 00:00:00
Josh Sharp,P,2022-04-11 00:00:00
Josh Sharp,P,2022-04-12 00:00:00
Josh Sharp,P,2022-04-13 00:00:00
Josh Sharp,P,2022-04-14 00:00:00
Josh Sharp,P,2022-04-15 00:00:00
Josh Sharp,WO,2022-04-16 00:00:00
Josh Sharp,WO,2022-04-17 00:00:00
Josh Sharp,P,2022-04-18 00:00:00
Josh Sharp,P,2022-04-19 00:00:00
Josh Sharp,P,2022-04-20 00:00:00
Josh Sharp,P,2022-04-21 00:00:00
Josh Sharp,P,2022-04-22 00:00:00
Josh Sharp,WO,2022-04-23 00:00:00
Josh Sharp,WO,2022-04-24 00:00:00
Josh Sharp,P,2022-04-25 00:00:00
Josh Sharp,P,2022-04-26 00:00:00
Josh Sharp,P,2022-04-27 00:00:00
Josh Sharp,P,2022-04-28 00:00:00
Josh Sharp,P,2022-04-29 00:00:00
Josh Sharp,WO,2022-04-30 00:00:00
Jovani Pope,P,2022-04-01 00:00:00
Jovani Pope,WO,2022-04-02 00:00:00
Jovani Pope,WO,2022-04-03 00:00:00
Jovani Pope,P,2022-04-04 00:00:00
Jovani Pope,P,2022-04-05 00:00:00
Jovani Pope,P,2022-04-06 00:00:00
Jovani Pope,P,2022-04-07 00:00:00
Jovani Pope,P,2022-04-08 00:00:00
Jovani Pope,WO,2022-04-09 00:00:00
Jovani Pope,WO,2022-04-10 00:00:00
Jovani Pope,P,2022-04-11 00:00:00
Jovani Pope,P,2022-04-12 00:00:00
Jovani Pope,P,2022-04-13 00:00:00
Jovani Pope,P,2022-04-14 00:00:00
Jovani Pope,P,2022-04-15 00:00:00
Jovani Pope,WO,2022-04-16 00:00:00
Jovani Pope,WO,2022-04-17 00:00:00
Jovani Pope,P,2022-04-18 00:00:00
Jovani Pope,P,2022-04-19 00:00:00
Jovani Pope,P,2022-04-20 00:00:00
Jovani Pope,P,2022-04-21 00:00:00
Jovani Pope,WFH,2022-04-22 00:00:00
Jovani Pope,WO,2022-04-23 00:00:00
Jovani Pope,WO,2022-04-24 00:00:00
Jovani Pope,WFH,2022-04-25 00:00:00
Jovani Pope,WFH,2022-04-26 00:00:00
Jovani Pope,WFH,2022-04-27 00:00:00
Jovani Pope,WFH,2022-04-28 00:00:00
Jovani Pope,WFH,2022-04-29 00:00:00
Jovani Pope,WO,2022-04-30 00:00:00
Kaley Fitzpatrick,P,2022-04-01 00:00:00
Kaley Fitzpatrick,WO,2022-04-02 00:00:00
Kaley Fitzpatrick,WO,2022-04-03 00:00:00
Kaley Fitzpatrick,P,2022-04-04 00:00:00
Kaley Fitzpatrick,P,2022-04-05 00:00:00
Kaley Fitzpatrick,P,2022-04-06 00:00:00
Kaley Fitzpatrick,P,2022-04-07 00:00:00
Kaley Fitzpatrick,P,2022-04-08 00:00:00
Kaley Fitzpatrick,WO,2022-04-09 00:00:00
Kaley Fitzpatrick,WO,2022-04-10 00:00:00
Kaley Fitzpatrick,P,2022-04-11 00:00:00
Kaley Fitzpatrick,P,2022-04-12 00:00:00
Kaley Fitzpatrick,P,2022-04-13 00:00:00
Kaley Fitzpatrick,P,2022-04-14 00:00:00
Kaley Fitzpatrick,P,2022-04-15 00:00:00
Kaley Fitzpatrick,WO,2022-04-16 00:00:00
Kaley Fitzpatrick,WO,2022-04-17 00:00:00
Kaley Fitzpatrick,P,2022-04-18 00:00:00
Kaley Fitzpatrick,P,2022-04-19 00:00:00
Kaley Fitzpatrick,P,2022-04-20 00:00:00
Kaley Fitzpatrick,P,2022-04-21 00:00:00
Kaley Fitzpatrick,WFH,2022-04-22 00:00:00
Kaley Fitzpatrick,WO,2022-04-23 00:00:00
Kaley Fitzpatrick,WO,2022-04-24 00:00:00
Kaley Fitzpatrick,WFH,2022-04-25 00:00:00
Kaley Fitzpatrick,WFH,2022-04-26 00:00:00
Kaley Fitzpatrick,WFH,2022-04-27 00:00:00
Kaley Fitzpatrick,WFH,2022-04-28 00:00:00
Kaley Fitzpatrick,WFH,2022-04-29 00:00:00
Kaley Fitzpatrick,WO,2022-04-30 00:00:00
Karma Reeves,P,2022-04-01 00:00:00
Karma Reeves,WO,2022-04-02 00:00:00
Karma Reeves,WO,2022-04-03 00:00:00
Karma Reeves,P,2022-04-04 00:00:00
Karma Reeves,P,2022-04-05 00:00:00
Karma Reeves,P,2022-04-06 00:00:00
Karma Reeves,P,2022-04-07 00:00:00
Karma Reeves,P,2022-04-08 00:00:00
Karma Reeves,WO,2022-04-09 00:00:00
Karma Reeves,WO,2022-04-10 00:00:00
Karma Reeves,P,2022-04-11 00:00:00
Karma Reeves,P,2022-04-12 00:00:00
Karma Reeves,P,2022-04-13 00:00:00
Karma Reeves,FFL,2022-04-14 00:00:00
Karma Reeves,P,2022-04-15 00:00:00
Karma Reeves,WO,2022-04-16 00:00:00
Karma Reeves,WO,2022-04-17 00:00:00
Karma Reeves,P,2022-04-18 00:00:00
Karma Reeves,P,2022-04-19 00:00:00
Karma Reeves,P,2022-04-20 00:00:00
Karma Reeves,P,2022-04-21 00:00:00
Karma Reeves,P,2022-04-22 00:00:00
Karma Reeves,WO,2022-04-23 00:00:00
Karma Reeves,WO,2022-04-24 00:00:00
Karma Reeves,P,2022-04-25 00:00:00
Karma Reeves,P,2022-04-26 00:00:00
Karma Reeves,P,2022-04-27 00:00:00
Karma Reeves,P,2022-04-28 00:00:00
Karma Reeves,P,2022-04-29 00:00:00
Karma Reeves,WO,2022-04-30 00:00:00
Kaylah Schultz,P,2022-04-01 00:00:00
Kaylah Schultz,WO,2022-04-02 00:00:00
Kaylah Schultz,WO,2022-04-03 00:00:00
Kaylah Schultz,P,2022-04-04 00:00:00
Kaylah Schultz,P,2022-04-05 00:00:00
Kaylah Schultz,P,2022-04-06 00:00:00
Kaylah Schultz,PL,2022-04-07 00:00:00
Kaylah Schultz,P,2022-04-08 00:00:00
Kaylah Schultz,WO,2022-04-09 00:00:00
Kaylah Schultz,WO,2022-04-10 00:00:00
Kaylah Schultz,P,2022-04-11 00:00:00
Kaylah Schultz,P,2022-04-12 00:00:00
Kaylah Schultz,WFH,2022-04-13 00:00:00
Kaylah Schultz,P,2022-04-14 00:00:00
Kaylah Schultz,P,2022-04-15 00:00:00
Kaylah Schultz,WO,2022-04-16 00:00:00
Kaylah Schultz,WO,2022-04-17 00:00:00
Kaylah Schultz,P,2022-04-18 00:00:00
Kaylah Schultz,P,2022-04-19 00:00:00
Kaylah Schultz,P,2022-04-20 00:00:00
Kaylah Schultz,WFH,2022-04-21 00:00:00
Kaylah Schultz,P,2022-04-22 00:00:00
Kaylah Schultz,WO,2022-04-23 00:00:00
Kaylah Schultz,WO,2022-04-24 00:00:00
Kaylah Schultz,P,2022-04-25 00:00:00
Kaylah Schultz,P,2022-04-26 00:00:00
Kaylah Schultz,P,2022-04-27 00:00:00
Kaylah Schultz,P,2022-04-28 00:00:00
Kaylah Schultz,P,2022-04-29 00:00:00
Kaylah Schultz,WO,2022-04-30 00:00:00
Kenley Marsh,P,2022-04-01 00:00:00
Kenley Marsh,WO,2022-04-02 00:00:00
Kenley Marsh,WO,2022-04-03 00:00:00
Kenley Marsh,P,2022-04-04 00:00:00
Kenley Marsh,P,2022-04-05 00:00:00
Kenley Marsh,P,2022-04-06 00:00:00
Kenley Marsh,P,2022-04-07 00:00:00
Kenley Marsh,P,2022-04-08 00:00:00
Kenley Marsh,WO,2022-04-09 00:00:00
Kenley Marsh,WO,2022-04-10 00:00:00
Kenley Marsh,P,2022-04-11 00:00:00
Kenley Marsh,P,2022-04-12 00:00:00
Kenley Marsh,P,2022-04-13 00:00:00
Kenley Marsh,PL,2022-04-14 00:00:00
Kenley Marsh,HPL,2022-04-15 00:00:00
Kenley Marsh,WO,2022-04-16 00:00:00
Kenley Marsh,WO,2022-04-17 00:00:00
Kenley Marsh,P,2022-04-18 00:00:00
Kenley Marsh,P,2022-04-19 00:00:00
Kenley Marsh,P,2022-04-20 00:00:00
Kenley Marsh,P,2022-04-21 00:00:00
Kenley Marsh,P,2022-04-22 00:00:00
Kenley Marsh,WO,2022-04-23 00:00:00
Kenley Marsh,WO,2022-04-24 00:00:00
Kenley Marsh,P,2022-04-25 00:00:00
Kenley Marsh,P,2022-04-26 00:00:00
Kenley Marsh,P,2022-04-27 00:00:00
Kenley Marsh,P,2022-04-28 00:00:00
Kenley Marsh,P,2022-04-29 00:00:00
Kenley Marsh,WO,2022-04-30 00:00:00
Konner Henson,P,2022-04-01 00:00:00
Konner Henson,WO,2022-04-02 00:00:00
Konner Henson,WO,2022-04-03 00:00:00
Konner Henson,P,2022-04-04 00:00:00
Konner Henson,P,2022-04-05 00:00:00
Konner Henson,P,2022-04-06 00:00:00
Konner Henson,P,2022-04-07 00:00:00
Konner Henson,P,2022-04-08 00:00:00
Konner Henson,WO,2022-04-09 00:00:00
Konner Henson,WO,2022-04-10 00:00:00
Konner Henson,P,2022-04-11 00:00:00
Konner Henson,P,2022-04-12 00:00:00
Konner Henson,P,2022-04-13 00:00:00
Konner Henson,P,2022-04-14 00:00:00
Konner Henson,LWP,2022-04-15 00:00:00
Konner Henson,WO,2022-04-16 00:00:00
Konner Henson,WO,2022-04-17 00:00:00
Konner Henson,P,2022-04-18 00:00:00
Konner Henson,P,2022-04-19 00:00:00
Konner Henson,P,2022-04-20 00:00:00
Konner Henson,P,2022-04-21 00:00:00
Konner Henson,P,2022-04-22 00:00:00
Konner Henson,WO,2022-04-23 00:00:00
Konner Henson,WO,2022-04-24 00:00:00
Konner Henson,P,2022-04-25 00:00:00
Konner Henson,P,2022-04-26 00:00:00
Konner Henson,P,2022-04-27 00:00:00
Konner Henson,P,2022-04-28 00:00:00
Konner Henson,P,2022-04-29 00:00:00
Konner Henson,WO,2022-04-30 00:00:00
Loki Lal,P,2022-04-01 00:00:00
Loki Lal,WO,2022-04-02 00:00:00
Loki Lal,WO,2022-04-03 00:00:00
Loki Lal,P,2022-04-04 00:00:00
Loki Lal,P,2022-04-05 00:00:00
Loki Lal,P,2022-04-06 00:00:00
Loki Lal,P,2022-04-07 00:00:00
Loki Lal,P,2022-04-08 00:00:00
Loki Lal,WO,2022-04-09 00:00:00
Loki Lal,WO,2022-04-10 00:00:00
Loki Lal,P,2022-04-11 00:00:00
Loki Lal,P,2022-04-12 00:00:00
Loki Lal,P,2022-04-13 00:00:00
Loki Lal,P,2022-04-14 00:00:00
Loki Lal,P,2022-04-15 00:00:00
Loki Lal,WO,2022-04-16 00:00:00
Loki Lal,WO,2022-04-17 00:00:00
Loki Lal,P,2022-04-18 00:00:00
Loki Lal,P,2022-04-19 00:00:00
Loki Lal,P,2022-04-20 00:00:00
Loki Lal,P,2022-04-21 00:00:00
Loki Lal,P,2022-04-22 00:00:00
Loki Lal,WO,2022-04-23 00:00:00
Loki Lal,WO,2022-04-24 00:00:00
Loki Lal,P,2022-04-25 00:00:00
Loki Lal,P,2022-04-26 00:00:00
Loki Lal,P,2022-04-27 00:00:00
Loki Lal,P,2022-04-28 00:00:00
Loki Lal,P,2022-04-29 00:00:00
Loki Lal,WO,2022-04-30 00:00:00
London Kim,P,2022-04-01 00:00:00
London Kim,WO,2022-04-02 00:00:00
London Kim,WO,2022-04-03 00:00:00
London Kim,P,2022-04-04 00:00:00
London Kim,P,2022-04-05 00:00:00
London Kim,P,2022-04-06 00:00:00
London Kim,P,2022-04-07 00:00:00
London Kim,P,2022-04-08 00:00:00
London Kim,WO,2022-04-09 00:00:00
London Kim,WO,2022-04-10 00:00:00
London Kim,P,2022-04-11 00:00:00
London Kim,P,2022-04-12 00:00:00
London Kim,P,2022-04-13 00:00:00
London Kim,P,2022-04-14 00:00:00
London Kim,FFL,2022-04-15 00:00:00
London Kim,WO,2022-04-16 00:00:00
London Kim,WO,2022-04-17 00:00:00
London Kim,P,2022-04-18 00:00:00
London Kim,P,2022-04-19 00:00:00
London Kim,P,2022-04-20 00:00:00
London Kim,P,2022-04-21 00:00:00
London Kim,P,2022-04-22 00:00:00
London Kim,WO,2022-04-23 00:00:00
London Kim,WO,2022-04-24 00:00:00
London Kim,P,2022-04-25 00:00:00
London Kim,P,2022-04-26 00:00:00
London Kim,P,2022-04-27 00:00:00
London Kim,P,2022-04-28 00:00:00
London Kim,P,2022-04-29 00:00:00
London Kim,WO,2022-04-30 00:00:00
Lyric Bartlett,WFH,2022-04-01 00:00:00
Lyric Bartlett,WO,2022-04-02 00:00:00
Lyric Bartlett,WO,2022-04-03 00:00:00
Lyric Bartlett,P,2022-04-04 00:00:00
Lyric Bartlett,P,2022-04-05 00:00:00
Lyric Bartlett,P,2022-04-06 00:00:00
Lyric Bartlett,P,2022-04-07 00:00:00
Lyric Bartlett,P,2022-04-08 00:00:00
Lyric Bartlett,WO,2022-04-09 00:00:00
Lyric Bartlett,WO,2022-04-10 00:00:00
Lyric Bartlett,P,2022-04-11 00:00:00
Lyric Bartlett,P,2022-04-12 00:00:00
Lyric Bartlett,P,2022-04-13 00:00:00
Lyric Bartlett,P,2022-04-14 00:00:00
Lyric Bartlett,P,2022-04-15 00:00:00
Lyric Bartlett,WO,2022-04-16 00:00:00
Lyric Bartlett,WO,2022-04-17 00:00:00
Lyric Bartlett,P,2022-04-18 00:00:00
Lyric Bartlett,P,2022-04-19 00:00:00
Lyric Bartlett,P,2022-04-20 00:00:00
Lyric Bartlett,P,2022-04-21 00:00:00
Lyric Bartlett,P,2022-04-22 00:00:00
Lyric Bartlett,WO,2022-04-23 00:00:00
Lyric Bartlett,WO,2022-04-24 00:00:00
Lyric Bartlett,P,2022-04-25 00:00:00
Lyric Bartlett,P,2022-04-26 00:00:00
Lyric Bartlett,P,2022-04-27 00:00:00
Lyric Bartlett,P,2022-04-28 00:00:00
Lyric Bartlett,P,2022-04-29 00:00:00
Lyric Bartlett,WO,2022-04-30 00:00:00
Macie Callahan,P,2022-04-01 00:00:00
Macie Callahan,WO,2022-04-02 00:00:00
Macie Callahan,WO,2022-04-03 00:00:00
Macie Callahan,P,2022-04-04 00:00:00
Macie Callahan,P,2022-04-05 00:00:00
Macie Callahan,P,2022-04-06 00:00:00
Macie Callahan,P,2022-04-07 00:00:00
Macie Callahan,P,2022-04-08 00:00:00
Macie Callahan,WO,2022-04-09 00:00:00
Macie Callahan,WO,2022-04-10 00:00:00
Macie Callahan,P,2022-04-11 00:00:00
Macie Callahan,HSL,2022-04-12 00:00:00
Macie Callahan,P,2022-04-13 00:00:00
Macie Callahan,WFH,2022-04-14 00:00:00
Macie Callahan,WFH,2022-04-15 00:00:00
Macie Callahan,WO,2022-04-16 00:00:00
Macie Callahan,WO,2022-04-17 00:00:00
Macie Callahan,P,2022-04-18 00:00:00
Macie Callahan,P,2022-04-19 00:00:00
Macie Callahan,P,2022-04-20 00:00:00
Macie Callahan,P,2022-04-21 00:00:00
Macie Callahan,P,2022-04-22 00:00:00
Macie Callahan,WO,2022-04-23 00:00:00
Macie Callahan,WO,2022-04-24 00:00:00
Macie Callahan,P,2022-04-25 00:00:00
Macie Callahan,P,2022-04-26 00:00:00
Macie Callahan,P,2022-04-27 00:00:00
Macie Callahan,P,2022-04-28 00:00:00
Macie Callahan,P,2022-04-29 00:00:00
Macie Callahan,WO,2022-04-30 00:00:00
Madelynn Gray,P,2022-04-01 00:00:00
Madelynn Gray,WO,2022-04-02 00:00:00
Madelynn Gray,WO,2022-04-03 00:00:00
Madelynn Gray,P,2022-04-04 00:00:00
Madelynn Gray,P,2022-04-05 00:00:00
Madelynn Gray,P,2022-04-06 00:00:00
Madelynn Gray,PL,2022-04-07 00:00:00
Madelynn Gray,P,2022-04-08 00:00:00
Madelynn Gray,WO,2022-04-09 00:00:00
Madelynn Gray,WO,2022-04-10 00:00:00
Madelynn Gray,P,2022-04-11 00:00:00
Madelynn Gray,P,2022-04-12 00:00:00
Madelynn Gray,P,2022-04-13 00:00:00
Madelynn Gray,P,2022-04-14 00:00:00
Madelynn Gray,WFH,2022-04-15 00:00:00
Madelynn Gray,WO,2022-04-16 00:00:00
Madelynn Gray,WO,2022-04-17 00:00:00
Madelynn Gray,PL,2022-04-18 00:00:00
Madelynn Gray,PL,2022-04-19 00:00:00
Madelynn Gray,PL,2022-04-20 00:00:00
Madelynn Gray,PL,2022-04-21 00:00:00
Madelynn Gray,PL,2022-04-22 00:00:00
Madelynn Gray,WO,2022-04-23 00:00:00
Madelynn Gray,WO,2022-04-24 00:00:00
Madelynn Gray,P,2022-04-25 00:00:00
Madelynn Gray,P,2022-04-26 00:00:00
Madelynn Gray,P,2022-04-27 00:00:00
Madelynn Gray,P,2022-04-28 00:00:00
Madelynn Gray,P,2022-04-29 00:00:00
Madelynn Gray,WO,2022-04-30 00:00:00
Marquis Wyatt,P,2022-04-01 00:00:00
Marquis Wyatt,WO,2022-04-02 00:00:00
Marquis Wyatt,WO,2022-04-03 00:00:00
Marquis Wyatt,P,2022-04-04 00:00:00
Marquis Wyatt,P,2022-04-05 00:00:00
Marquis Wyatt,P,2022-04-06 00:00:00
Marquis Wyatt,P,2022-04-07 00:00:00
Marquis Wyatt,P,2022-04-08 00:00:00
Marquis Wyatt,WO,2022-04-09 00:00:00
Marquis Wyatt,WO,2022-04-10 00:00:00
Marquis Wyatt,P,2022-04-11 00:00:00
Marquis Wyatt,P,2022-04-12 00:00:00
Marquis Wyatt,P,2022-04-13 00:00:00
Marquis Wyatt,P,2022-04-14 00:00:00
Marquis Wyatt,P,2022-04-15 00:00:00
Marquis Wyatt,WO,2022-04-16 00:00:00
Marquis Wyatt,WO,2022-04-17 00:00:00
Marquis Wyatt,P,2022-04-18 00:00:00
Marquis Wyatt,P,2022-04-19 00:00:00
Marquis Wyatt,P,2022-04-20 00:00:00
Marquis Wyatt,P,2022-04-21 00:00:00
Marquis Wyatt,P,2022-04-22 00:00:00
Marquis Wyatt,WO,2022-04-23 00:00:00
Marquis Wyatt,WO,2022-04-24 00:00:00
Marquis Wyatt,P,2022-04-25 00:00:00
Marquis Wyatt,P,2022-04-26 00:00:00
Marquis Wyatt,P,2022-04-27 00:00:00
Marquis Wyatt,P,2022-04-28 00:00:00
Marquis Wyatt,P,2022-04-29 00:00:00
Marquis Wyatt,WO,2022-04-30 00:00:00
Maximus Mckenzie,WFH,2022-04-01 00:00:00
Maximus Mckenzie,WO,2022-04-02 00:00:00
Maximus Mckenzie,WO,2022-04-03 00:00:00
Maximus Mckenzie,WFH,2022-04-04 00:00:00
Maximus Mckenzie,WFH,2022-04-05 00:00:00
Maximus Mckenzie,WFH,2022-04-06 00:00:00
Maximus Mckenzie,WFH,2022-04-07 00:00:00
Maximus Mckenzie,WFH,2022-04-08 00:00:00
Maximus Mckenzie,WO,2022-04-09 00:00:00
Maximus Mckenzie,WO,2022-04-10 00:00:00
Maximus Mckenzie,WFH,2022-04-11 00:00:00
Maximus Mckenzie,WFH,2022-04-12 00:00:00
Maximus Mckenzie,WFH,2022-04-13 00:00:00
Maximus Mckenzie,WFH,2022-04-14 00:00:00
Maximus Mckenzie,WFH,2022-04-15 00:00:00
Maximus Mckenzie,WO,2022-04-16 00:00:00
Maximus Mckenzie,WO,2022-04-17 00:00:00
Maximus Mckenzie,WFH,2022-04-18 00:00:00
Maximus Mckenzie,WFH,2022-04-19 00:00:00
Maximus Mckenzie,WFH,2022-04-20 00:00:00
Maximus Mckenzie,WFH,2022-04-21 00:00:00
Maximus Mckenzie,WFH,2022-04-22 00:00:00
Maximus Mckenzie,WO,2022-04-23 00:00:00
Maximus Mckenzie,WO,2022-04-24 00:00:00
Maximus Mckenzie,WFH,2022-04-25 00:00:00
Maximus Mckenzie,WFH,2022-04-26 00:00:00
Maximus Mckenzie,WFH,2022-04-27 00:00:00
Maximus Mckenzie,WFH,2022-04-28 00:00:00
Maximus Mckenzie,WFH,2022-04-29 00:00:00
Maximus Mckenzie,WO,2022-04-30 00:00:00
Mckayla Parker,P,2022-04-01 00:00:00
Mckayla Parker,WO,2022-04-02 00:00:00
Mckayla Parker,WO,2022-04-03 00:00:00
Mckayla Parker,P,2022-04-04 00:00:00
Mckayla Parker,P,2022-04-05 00:00:00
Mckayla Parker,P,2022-04-06 00:00:00
Mckayla Parker,SL,2022-04-07 00:00:00
Mckayla Parker,P,2022-04-08 00:00:00
Mckayla Parker,WO,2022-04-09 00:00:00
Mckayla Parker,WO,2022-04-10 00:00:00
Mckayla Parker,P,2022-04-11 00:00:00
Mckayla Parker,P,2022-04-12 00:00:00
Mckayla Parker,P,2022-04-13 00:00:00
Mckayla Parker,P,2022-04-14 00:00:00
Mckayla Parker,P,2022-04-15 00:00:00
Mckayla Parker,WO,2022-04-16 00:00:00
Mckayla Parker,WO,2022-04-17 00:00:00
Mckayla Parker,P,2022-04-18 00:00:00
Mckayla Parker,P,2022-04-19 00:00:00
Mckayla Parker,P,2022-04-20 00:00:00
Mckayla Parker,P,2022-04-21 00:00:00
Mckayla Parker,P,2022-04-22 00:00:00
Mckayla Parker,WO,2022-04-23 00:00:00
Mckayla Parker,WO,2022-04-24 00:00:00
Mckayla Parker,P,2022-04-25 00:00:00
Mckayla Parker,P,2022-04-26 00:00:00
Mckayla Parker,P,2022-04-27 00:00:00
Mckayla Parker,SL,2022-04-28 00:00:00
Mckayla Parker,P,2022-04-29 00:00:00
Mckayla Parker,WO,2022-04-30 00:00:00
Mekhi Singleton,P,2022-04-01 00:00:00
Mekhi Singleton,WO,2022-04-02 00:00:00
Mekhi Singleton,WO,2022-04-03 00:00:00
Mekhi Singleton,P,2022-04-04 00:00:00
Mekhi Singleton,P,2022-04-05 00:00:00
Mekhi Singleton,P,2022-04-06 00:00:00
Mekhi Singleton,P,2022-04-07 00:00:00
Mekhi Singleton,P,2022-04-08 00:00:00
Mekhi Singleton,WO,2022-04-09 00:00:00
Mekhi Singleton,WO,2022-04-10 00:00:00
Mekhi Singleton,P,2022-04-11 00:00:00
Mekhi Singleton,P,2022-04-12 00:00:00
Mekhi Singleton,P,2022-04-13 00:00:00
Mekhi Singleton,P,2022-04-14 00:00:00
Mekhi Singleton,P,2022-04-15 00:00:00
Mekhi Singleton,WO,2022-04-16 00:00:00
Mekhi Singleton,WO,2022-04-17 00:00:00
Mekhi Singleton,P,2022-04-18 00:00:00
Mekhi Singleton,P,2022-04-19 00:00:00
Mekhi Singleton,P,2022-04-20 00:00:00
Mekhi Singleton,P,2022-04-21 00:00:00
Mekhi Singleton,P,2022-04-22 00:00:00
Mekhi Singleton,WO,2022-04-23 00:00:00
Mekhi Singleton,WO,2022-04-24 00:00:00
Mekhi Singleton,P,2022-04-25 00:00:00
Mekhi Singleton,P,2022-04-26 00:00:00
Mekhi Singleton,P,2022-04-27 00:00:00
Mekhi Singleton,P,2022-04-28 00:00:00
Mekhi Singleton,P,2022-04-29 00:00:00
Mekhi Singleton,WO,2022-04-30 00:00:00
Miles Fields,P,2022-04-01 00:00:00
Miles Fields,WO,2022-04-02 00:00:00
Miles Fields,WO,2022-04-03 00:00:00
Miles Fields,P,2022-04-04 00:00:00
Miles Fields,P,2022-04-05 00:00:00
Miles Fields,P,2022-04-06 00:00:00
Miles Fields,P,2022-04-07 00:00:00
Miles Fields,P,2022-04-08 00:00:00
Miles Fields,WO,2022-04-09 00:00:00
Miles Fields,WO,2022-04-10 00:00:00
Miles Fields,P,2022-04-11 00:00:00
Miles Fields,P,2022-04-12 00:00:00
Miles Fields,P,2022-04-13 00:00:00
Miles Fields,P,2022-04-14 00:00:00
Miles Fields,P,2022-04-15 00:00:00
Miles Fields,WO,2022-04-16 00:00:00
Miles Fields,WO,2022-04-17 00:00:00
Miles Fields,P,2022-04-18 00:00:00
Miles Fields,P,2022-04-19 00:00:00
Miles Fields,P,2022-04-20 00:00:00
Miles Fields,P,2022-04-21 00:00:00
Miles Fields,P,2022-04-22 00:00:00
Miles Fields,WO,2022-04-23 00:00:00
Miles Fields,WO,2022-04-24 00:00:00
Miles Fields,P,2022-04-25 00:00:00
Miles Fields,P,2022-04-26 00:00:00
Miles Fields,P,2022-04-27 00:00:00
Miles Fields,P,2022-04-28 00:00:00
Miles Fields,P,2022-04-29 00:00:00
Miles Fields,WO,2022-04-30 00:00:00
Miley Combs,LWP,2022-04-01 00:00:00
Miley Combs,WO,2022-04-02 00:00:00
Miley Combs,WO,2022-04-03 00:00:00
Miley Combs,P,2022-04-04 00:00:00
Miley Combs,P,2022-04-05 00:00:00
Miley Combs,P,2022-04-06 00:00:00
Miley Combs,P,2022-04-07 00:00:00
Miley Combs,P,2022-04-08 00:00:00
Miley Combs,WO,2022-04-09 00:00:00
Miley Combs,WO,2022-04-10 00:00:00
Miley Combs,P,2022-04-11 00:00:00
Miley Combs,P,2022-04-12 00:00:00
Miley Combs,P,2022-04-13 00:00:00
Miley Combs,P,2022-04-14 00:00:00
Miley Combs,P,2022-04-15 00:00:00
Miley Combs,WO,2022-04-16 00:00:00
Miley Combs,WO,2022-04-17 00:00:00
Miley Combs,P,2022-04-18 00:00:00
Miley Combs,P,2022-04-19 00:00:00
Miley Combs,P,2022-04-20 00:00:00
Miley Combs,P,2022-04-21 00:00:00
Miley Combs,P,2022-04-22 00:00:00
Miley Combs,WO,2022-04-23 00:00:00
Miley Combs,WO,2022-04-24 00:00:00
Miley Combs,P,2022-04-25 00:00:00
Miley Combs,P,2022-04-26 00:00:00
Miley Combs,P,2022-04-27 00:00:00
Miley Combs,P,2022-04-28 00:00:00
Miley Combs,P,2022-04-29 00:00:00
Miley Combs,WO,2022-04-30 00:00:00
Miya Hampton,P,2022-04-01 00:00:00
Miya Hampton,WO,2022-04-02 00:00:00
Miya Hampton,WO,2022-04-03 00:00:00
Miya Hampton,P,2022-04-04 00:00:00
Miya Hampton,P,2022-04-05 00:00:00
Miya Hampton,P,2022-04-06 00:00:00
Miya Hampton,HWFH,2022-04-07 00:00:00
Miya Hampton,P,2022-04-08 00:00:00
Miya Hampton,WO,2022-04-09 00:00:00
Miya Hampton,WO,2022-04-10 00:00:00
Miya Hampton,P,2022-04-11 00:00:00
Miya Hampton,P,2022-04-12 00:00:00
Miya Hampton,P,2022-04-13 00:00:00
Miya Hampton,HML,2022-04-14 00:00:00
Miya Hampton,P,2022-04-15 00:00:00
Miya Hampton,WO,2022-04-16 00:00:00
Miya Hampton,WO,2022-04-17 00:00:00
Miya Hampton,P,2022-04-18 00:00:00
Miya Hampton,PL,2022-04-19 00:00:00
Miya Hampton,P,2022-04-20 00:00:00
Miya Hampton,P,2022-04-21 00:00:00
Miya Hampton,P,2022-04-22 00:00:00
Miya Hampton,WO,2022-04-23 00:00:00
Miya Hampton,WO,2022-04-24 00:00:00
Miya Hampton,P,2022-04-25 00:00:00
Miya Hampton,P,2022-04-26 00:00:00
Miya Hampton,P,2022-04-27 00:00:00
Miya Hampton,P,2022-04-28 00:00:00
Miya Hampton,P,2022-04-29 00:00:00
Miya Hampton,WO,2022-04-30 00:00:00
Myla Klein,P,2022-04-01 00:00:00
Myla Klein,WO,2022-04-02 00:00:00
Myla Klein,WO,2022-04-03 00:00:00
Myla Klein,P,2022-04-04 00:00:00
Myla Klein,P,2022-04-05 00:00:00
Myla Klein,P,2022-04-06 00:00:00
Myla Klein,P,2022-04-07 00:00:00
Myla Klein,P,2022-04-08 00:00:00
Myla Klein,WO,2022-04-09 00:00:00
Myla Klein,WO,2022-04-10 00:00:00
Myla Klein,P,2022-04-11 00:00:00
Myla Klein,P,2022-04-12 00:00:00
Myla Klein,PL,2022-04-13 00:00:00
Myla Klein,P,2022-04-14 00:00:00
Myla Klein,P,2022-04-15 00:00:00
Myla Klein,WO,2022-04-16 00:00:00
Myla Klein,WO,2022-04-17 00:00:00
Myla Klein,P,2022-04-18 00:00:00
Myla Klein,P,2022-04-19 00:00:00
Myla Klein,P,2022-04-20 00:00:00
Myla Klein,P,2022-04-21 00:00:00
Myla Klein,P,2022-04-22 00:00:00
Myla Klein,WO,2022-04-23 00:00:00
Myla Klein,WO,2022-04-24 00:00:00
Myla Klein,P,2022-04-25 00:00:00
Myla Klein,P,2022-04-26 00:00:00
Myla Klein,P,2022-04-27 00:00:00
Myla Klein,P,2022-04-28 00:00:00
Myla Klein,P,2022-04-29 00:00:00
Myla Klein,WO,2022-04-30 00:00:00
Nehemiah Diaz,P,2022-04-01 00:00:00
Nehemiah Diaz,WO,2022-04-02 00:00:00
Nehemiah Diaz,WO,2022-04-03 00:00:00
Nehemiah Diaz,P,2022-04-04 00:00:00
Nehemiah Diaz,P,2022-04-05 00:00:00
Nehemiah Diaz,P,2022-04-06 00:00:00
Nehemiah Diaz,P,2022-04-07 00:00:00
Nehemiah Diaz,P,2022-04-08 00:00:00
Nehemiah Diaz,WO,2022-04-09 00:00:00
Nehemiah Diaz,WO,2022-04-10 00:00:00
Nehemiah Diaz,P,2022-04-11 00:00:00
Nehemiah Diaz,P,2022-04-12 00:00:00
Nehemiah Diaz,P,2022-04-13 00:00:00
Nehemiah Diaz,P,2022-04-14 00:00:00
Nehemiah Diaz,P,2022-04-15 00:00:00
Nehemiah Diaz,WO,2022-04-16 00:00:00
Nehemiah Diaz,WO,2022-04-17 00:00:00
Nehemiah Diaz,P,2022-04-18 00:00:00
Nehemiah Diaz,P,2022-04-19 00:00:00
Nehemiah Diaz,P,2022-04-20 00:00:00
Nehemiah Diaz,P,2022-04-21 00:00:00
Nehemiah Diaz,P,2022-04-22 00:00:00
Nehemiah Diaz,WO,2022-04-23 00:00:00
Nehemiah Diaz,WO,2022-04-24 00:00:00
Nehemiah Diaz,P,2022-04-25 00:00:00
Nehemiah Diaz,P,2022-04-26 00:00:00
Nehemiah Diaz,P,2022-04-27 00:00:00
Nehemiah Diaz,P,2022-04-28 00:00:00
Nehemiah Diaz,P,2022-04-29 00:00:00
Nehemiah Diaz,WO,2022-04-30 00:00:00
Nevaeh Waller,P,2022-04-01 00:00:00
Nevaeh Waller,WO,2022-04-02 00:00:00
Nevaeh Waller,WO,2022-04-03 00:00:00
Nevaeh Waller,WFH,2022-04-04 00:00:00
Nevaeh Waller,P,2022-04-05 00:00:00
Nevaeh Waller,P,2022-04-06 00:00:00
Nevaeh Waller,P,2022-04-07 00:00:00
Nevaeh Waller,P,2022-04-08 00:00:00
Nevaeh Waller,WO,2022-04-09 00:00:00
Nevaeh Waller,WO,2022-04-10 00:00:00
Nevaeh Waller,P,2022-04-11 00:00:00
Nevaeh Waller,P,2022-04-12 00:00:00
Nevaeh Waller,P,2022-04-13 00:00:00
Nevaeh Waller,P,2022-04-14 00:00:00
Nevaeh Waller,P,2022-04-15 00:00:00
Nevaeh Waller,WO,2022-04-16 00:00:00
Nevaeh Waller,WO,2022-04-17 00:00:00
Nevaeh Waller,P,2022-04-18 00:00:00
Nevaeh Waller,P,2022-04-19 00:00:00
Nevaeh Waller,P,2022-04-20 00:00:00
Nevaeh Waller,P,2022-04-21 00:00:00
Nevaeh Waller,P,2022-04-22 00:00:00
Nevaeh Waller,WO,2022-04-23 00:00:00
Nevaeh Waller,WO,2022-04-24 00:00:00
Nevaeh Waller,P,2022-04-25 00:00:00
Nevaeh Waller,P,2022-04-26 00:00:00
Nevaeh Waller,P,2022-04-27 00:00:00
Nevaeh Waller,P,2022-04-28 00:00:00
Nevaeh Waller,P,2022-04-29 00:00:00
Nevaeh Waller,WO,2022-04-30 00:00:00
Nick Orozco,LWP,2022-04-01 00:00:00
Nick Orozco,WO,2022-04-02 00:00:00
Nick Orozco,WO,2022-04-03 00:00:00
Nick Orozco,P,2022-04-04 00:00:00
Nick Orozco,P,2022-04-05 00:00:00
Nick Orozco,P,2022-04-06 00:00:00
Nick Orozco,P,2022-04-07 00:00:00
Nick Orozco,P,2022-04-08 00:00:00
Nick Orozco,WO,2022-04-09 00:00:00
Nick Orozco,WO,2022-04-10 00:00:00
Nick Orozco,P,2022-04-11 00:00:00
Nick Orozco,P,2022-04-12 00:00:00
Nick Orozco,P,2022-04-13 00:00:00
Nick Orozco,WFH,2022-04-14 00:00:00
Nick Orozco,P,2022-04-15 00:00:00
Nick Orozco,WO,2022-04-16 00:00:00
Nick Orozco,WO,2022-04-17 00:00:00
Nick Orozco,P,2022-04-18 00:00:00
Nick Orozco,P,2022-04-19 00:00:00
Nick Orozco,P,2022-04-20 00:00:00
Nick Orozco,WFH,2022-04-21 00:00:00
Nick Orozco,WFH,2022-04-22 00:00:00
Nick Orozco,WO,2022-04-23 00:00:00
Nick Orozco,WO,2022-04-24 00:00:00
Nick Orozco,P,2022-04-25 00:00:00
Nick Orozco,LWP,2022-04-26 00:00:00
Nick Orozco,P,2022-04-27 00:00:00
Nick Orozco,P,2022-04-28 00:00:00
Nick Orozco,P,2022-04-29 00:00:00
Nick Orozco,WO,2022-04-30 00:00:00
Peter Pandey,P,2022-04-01 00:00:00
Peter Pandey,WO,2022-04-02 00:00:00
Peter Pandey,WO,2022-04-03 00:00:00
Peter Pandey,P,2022-04-04 00:00:00
Peter Pandey,P,2022-04-05 00:00:00
Peter Pandey,P,2022-04-06 00:00:00
Peter Pandey,P,2022-04-07 00:00:00
Peter Pandey,P,2022-04-08 00:00:00
Peter Pandey,WO,2022-04-09 00:00:00
Peter Pandey,WO,2022-04-10 00:00:00
Peter Pandey,P,2022-04-11 00:00:00
Peter Pandey,P,2022-04-12 00:00:00
Peter Pandey,P,2022-04-13 00:00:00
Peter Pandey,P,2022-04-14 00:00:00
Peter Pandey,P,2022-04-15 00:00:00
Peter Pandey,WO,2022-04-16 00:00:00
Peter Pandey,WO,2022-04-17 00:00:00
Peter Pandey,P,2022-04-18 00:00:00
Peter Pandey,P,2022-04-19 00:00:00
Peter Pandey,P,2022-04-20 00:00:00
Peter Pandey,P,2022-04-21 00:00:00
Peter Pandey,P,2022-04-22 00:00:00
Peter Pandey,WO,2022-04-23 00:00:00
Peter Pandey,WO,2022-04-24 00:00:00
Peter Pandey,PL,2022-04-25 00:00:00
Peter Pandey,P,2022-04-26 00:00:00
Peter Pandey,P,2022-04-27 00:00:00
Peter Pandey,P,2022-04-28 00:00:00
Peter Pandey,P,2022-04-29 00:00:00
Peter Pandey,WO,2022-04-30 00:00:00
Phoenix Brady,P,2022-04-01 00:00:00
Phoenix Brady,WO,2022-04-02 00:00:00
Phoenix Brady,WO,2022-04-03 00:00:00
Phoenix Brady,P,2022-04-04 00:00:00
Phoenix Brady,P,2022-04-05 00:00:00
Phoenix Brady,P,2022-04-06 00:00:00
Phoenix Brady,P,2022-04-07 00:00:00
Phoenix Brady,P,2022-04-08 00:00:00
Phoenix Brady,WO,2022-04-09 00:00:00
Phoenix Brady,WO,2022-04-10 00:00:00
Phoenix Brady,P,2022-04-11 00:00:00
Phoenix Brady,P,2022-04-12 00:00:00
Phoenix Brady,P,2022-04-13 00:00:00
Phoenix Brady,P,2022-04-14 00:00:00
Phoenix Brady,PL,2022-04-15 00:00:00
Phoenix Brady,WO,2022-04-16 00:00:00
Phoenix Brady,WO,2022-04-17 00:00:00
Phoenix Brady,PL,2022-04-18 00:00:00
Phoenix Brady,PL,2022-04-19 00:00:00
Phoenix Brady,P,2022-04-20 00:00:00
Phoenix Brady,P,2022-04-21 00:00:00
Phoenix Brady,P,2022-04-22 00:00:00
Phoenix Brady,WO,2022-04-23 00:00:00
Phoenix Brady,WO,2022-04-24 00:00:00
Phoenix Brady,P,2022-04-25 00:00:00
Phoenix Brady,P,2022-04-26 00:00:00
Phoenix Brady,P,2022-04-27 00:00:00
Phoenix Brady,P,2022-04-28 00:00:00
Phoenix Brady,P,2022-04-29 00:00:00
Phoenix Brady,WO,2022-04-30 00:00:00
Rey Novak,P,2022-04-01 00:00:00
Rey Novak,WO,2022-04-02 00:00:00
Rey Novak,WO,2022-04-03 00:00:00
Rey Novak,P,2022-04-04 00:00:00
Rey Novak,P,2022-04-05 00:00:00
Rey Novak,P,2022-04-06 00:00:00
Rey Novak,P,2022-04-07 00:00:00
Rey Novak,P,2022-04-08 00:00:00
Rey Novak,WO,2022-04-09 00:00:00
Rey Novak,WO,2022-04-10 00:00:00
Rey Novak,P,2022-04-11 00:00:00
Rey Novak,P,2022-04-12 00:00:00
Rey Novak,P,2022-04-13 00:00:00
Rey Novak,P,2022-04-14 00:00:00
Rey Novak,P,2022-04-15 00:00:00
Rey Novak,WO,2022-04-16 00:00:00
Rey Novak,WO,2022-04-17 00:00:00
Rey Novak,P,2022-04-18 00:00:00
Rey Novak,P,2022-04-19 00:00:00
Rey Novak,P,2022-04-20 00:00:00
Rey Novak,P,2022-04-21 00:00:00
Rey Novak,P,2022-04-22 00:00:00
Rey Novak,WO,2022-04-23 00:00:00
Rey Novak,WO,2022-04-24 00:00:00
Rey Novak,P,2022-04-25 00:00:00
Rey Novak,P,2022-04-26 00:00:00
Rey Novak,P,2022-04-27 00:00:00
Rey Novak,P,2022-04-28 00:00:00
Rey Novak,P,2022-04-29 00:00:00
Rey Novak,WO,2022-04-30 00:00:00
Rodrigo Price,P,2022-04-01 00:00:00
Rodrigo Price,WO,2022-04-02 00:00:00
Rodrigo Price,WO,2022-04-03 00:00:00
Rodrigo Price,P,2022-04-04 00:00:00
Rodrigo Price,P,2022-04-05 00:00:00
Rodrigo Price,P,2022-04-06 00:00:00
Rodrigo Price,P,2022-04-07 00:00:00
Rodrigo Price,P,2022-04-08 00:00:00
Rodrigo Price,WO,2022-04-09 00:00:00
Rodrigo Price,WO,2022-04-10 00:00:00
Rodrigo Price,P,2022-04-11 00:00:00
Rodrigo Price,P,2022-04-12 00:00:00
Rodrigo Price,P,2022-04-13 00:00:00
Rodrigo Price,P,2022-04-14 00:00:00
Rodrigo Price,P,2022-04-15 00:00:00
Rodrigo Price,WO,2022-04-16 00:00:00
Rodrigo Price,WO,2022-04-17 00:00:00
Rodrigo Price,P,2022-04-18 00:00:00
Rodrigo Price,P,2022-04-19 00:00:00
Rodrigo Price,P,2022-04-20 00:00:00
Rodrigo Price,P,2022-04-21 00:00:00
Rodrigo Price,P,2022-04-22 00:00:00
Rodrigo Price,WO,2022-04-23 00:00:00
Rodrigo Price,WO,2022-04-24 00:00:00
Rodrigo Price,P,2022-04-25 00:00:00
Rodrigo Price,P,2022-04-26 00:00:00
Rodrigo Price,P,2022-04-27 00:00:00
Rodrigo Price,P,2022-04-28 00:00:00
Rodrigo Price,P,2022-04-29 00:00:00
Rodrigo Price,WO,2022-04-30 00:00:00
Roman Colon,HPL,2022-04-01 00:00:00
Roman Colon,WO,2022-04-02 00:00:00
Roman Colon,WO,2022-04-03 00:00:00
Roman Colon,P,2022-04-04 00:00:00
Roman Colon,P,2022-04-05 00:00:00
Roman Colon,P,2022-04-06 00:00:00
Roman Colon,HLWP,2022-04-07 00:00:00
Roman Colon,WFH,2022-04-08 00:00:00
Roman Colon,WO,2022-04-09 00:00:00
Roman Colon,WO,2022-04-10 00:00:00
Roman Colon,P,2022-04-11 00:00:00
Roman Colon,WO,2022-04-16 00:00:00
Roman Colon,WO,2022-04-17 00:00:00
Roman Colon,WO,2022-04-23 00:00:00
Roman Colon,WO,2022-04-24 00:00:00
Roman Colon,WO,2022-04-30 00:00:00
Ryann Guerrero,P,2022-04-01 00:00:00
Ryann Guerrero,WO,2022-04-02 00:00:00
Ryann Guerrero,WO,2022-04-03 00:00:00
Ryann Guerrero,P,2022-04-04 00:00:00
Ryann Guerrero,P,2022-04-05 00:00:00
Ryann Guerrero,P,2022-04-06 00:00:00
Ryann Guerrero,PL,2022-04-07 00:00:00
Ryann Guerrero,P,2022-04-08 00:00:00
Ryann Guerrero,WO,2022-04-09 00:00:00
Ryann Guerrero,WO,2022-04-10 00:00:00
Ryann Guerrero,P,2022-04-11 00:00:00
Ryann Guerrero,P,2022-04-12 00:00:00
Ryann Guerrero,P,2022-04-13 00:00:00
Ryann Guerrero,P,2022-04-14 00:00:00
Ryann Guerrero,P,2022-04-15 00:00:00
Ryann Guerrero,WO,2022-04-16 00:00:00
Ryann Guerrero,WO,2022-04-17 00:00:00
Ryann Guerrero,P,2022-04-18 00:00:00
Ryann Guerrero,P,2022-04-19 00:00:00
Ryann Guerrero,P,2022-04-20 00:00:00
Ryann Guerrero,P,2022-04-21 00:00:00
Ryann Guerrero,P,2022-04-22 00:00:00
Ryann Guerrero,WO,2022-04-23 00:00:00
Ryann Guerrero,WO,2022-04-24 00:00:00
Ryann Guerrero,P,2022-04-25 00:00:00
Ryann Guerrero,P,2022-04-26 00:00:00
Ryann Guerrero,P,2022-04-27 00:00:00
Ryann Guerrero,P,2022-04-28 00:00:00
Ryann Guerrero,P,2022-04-29 00:00:00
Ryann Guerrero,WO,2022-04-30 00:00:00
Rylee Mullins,P,2022-04-01 00:00:00
Rylee Mullins,WO,2022-04-02 00:00:00
Rylee Mullins,WO,2022-04-03 00:00:00
Rylee Mullins,P,2022-04-04 00:00:00
Rylee Mullins,P,2022-04-05 00:00:00
Rylee Mullins,P,2022-04-06 00:00:00
Rylee Mullins,P,2022-04-07 00:00:00
Rylee Mullins,P,2022-04-08 00:00:00
Rylee Mullins,WO,2022-04-09 00:00:00
Rylee Mullins,WO,2022-04-10 00:00:00
Rylee Mullins,P,2022-04-11 00:00:00
Rylee Mullins,P,2022-04-12 00:00:00
Rylee Mullins,P,2022-04-13 00:00:00
Rylee Mullins,P,2022-04-14 00:00:00
Rylee Mullins,PL,2022-04-15 00:00:00
Rylee Mullins,WO,2022-04-16 00:00:00
Rylee Mullins,WO,2022-04-17 00:00:00
Rylee Mullins,P,2022-04-18 00:00:00
Rylee Mullins,P,2022-04-19 00:00:00
Rylee Mullins,P,2022-04-20 00:00:00
Rylee Mullins,P,2022-04-21 00:00:00
Rylee Mullins,P,2022-04-22 00:00:00
Rylee Mullins,WO,2022-04-23 00:00:00
Rylee Mullins,WO,2022-04-24 00:00:00
Rylee Mullins,P,2022-04-25 00:00:00
Rylee Mullins,P,2022-04-26 00:00:00
Rylee Mullins,P,2022-04-27 00:00:00
Rylee Mullins,P,2022-04-28 00:00:00
Rylee Mullins,P,2022-04-29 00:00:00
Rylee Mullins,WO,2022-04-30 00:00:00
Salvatore Hendrix,P,2022-04-01 00:00:00
Salvatore Hendrix,WO,2022-04-02 00:00:00
Salvatore Hendrix,WO,2022-04-03 00:00:00
Salvatore Hendrix,P,2022-04-04 00:00:00
Salvatore Hendrix,P,2022-04-05 00:00:00
Salvatore Hendrix,P,2022-04-06 00:00:00
Salvatore Hendrix,P,2022-04-07 00:00:00
Salvatore Hendrix,P,2022-04-08 00:00:00
Salvatore Hendrix,WO,2022-04-09 00:00:00
Salvatore Hendrix,WO,2022-04-10 00:00:00
Salvatore Hendrix,P,2022-04-11 00:00:00
Salvatore Hendrix,P,2022-04-12 00:00:00
Salvatore Hendrix,P,2022-04-13 00:00:00
Salvatore Hendrix,P,2022-04-14 00:00:00
Salvatore Hendrix,P,2022-04-15 00:00:00
Salvatore Hendrix,WO,2022-04-16 00:00:00
Salvatore Hendrix,WO,2022-04-17 00:00:00
Salvatore Hendrix,P,2022-04-18 00:00:00
Salvatore Hendrix,P,2022-04-19 00:00:00
Salvatore Hendrix,P,2022-04-20 00:00:00
Salvatore Hendrix,SL,2022-04-21 00:00:00
Salvatore Hendrix,P,2022-04-22 00:00:00
Salvatore Hendrix,WO,2022-04-23 00:00:00
Salvatore Hendrix,WO,2022-04-24 00:00:00
Salvatore Hendrix,P,2022-04-25 00:00:00
Salvatore Hendrix,P,2022-04-26 00:00:00
Salvatore Hendrix,P,2022-04-27 00:00:00
Salvatore Hendrix,P,2022-04-28 00:00:00
Salvatore Hendrix,PL,2022-04-29 00:00:00
Salvatore Hendrix,WO,2022-04-30 00:00:00
Sofia Solis,P,2022-04-01 00:00:00
Sofia Solis,WO,2022-04-02 00:00:00
Sofia Solis,WO,2022-04-03 00:00:00
Sofia Solis,P,2022-04-04 00:00:00
Sofia Solis,P,2022-04-05 00:00:00
Sofia Solis,P,2022-04-06 00:00:00
Sofia Solis,P,2022-04-07 00:00:00
Sofia Solis,P,2022-04-08 00:00:00
Sofia Solis,WO,2022-04-09 00:00:00
Sofia Solis,WO,2022-04-10 00:00:00
Sofia Solis,P,2022-04-11 00:00:00
Sofia Solis,P,2022-04-12 00:00:00
Sofia Solis,P,2022-04-13 00:00:00
Sofia Solis,HPL,2022-04-14 00:00:00
Sofia Solis,P,2022-04-15 00:00:00
Sofia Solis,WO,2022-04-16 00:00:00
Sofia Solis,WO,2022-04-17 00:00:00
Sofia Solis,P,2022-04-18 00:00:00
Sofia Solis,P,2022-04-19 00:00:00
Sofia Solis,P,2022-04-20 00:00:00
Sofia Solis,P,2022-04-21 00:00:00
Sofia Solis,P,2022-04-22 00:00:00
Sofia Solis,WO,2022-04-23 00:00:00
Sofia Solis,WO,2022-04-24 00:00:00
Sofia Solis,P,2022-04-25 00:00:00
Sofia Solis,P,2022-04-26 00:00:00
Sofia Solis,P,2022-04-27 00:00:00
Sofia Solis,P,2022-04-28 00:00:00
Sofia Solis,P,2022-04-29 00:00:00
Sofia Solis,WO,2022-04-30 00:00:00
Thanos Thakur,P,2022-04-01 00:00:00
Thanos Thakur,WO,2022-04-02 00:00:00
Thanos Thakur,WO,2022-04-03 00:00:00
Thanos Thakur,P,2022-04-04 00:00:00
Thanos Thakur,P,2022-04-05 00:00:00
Thanos Thakur,P,2022-04-06 00:00:00
Thanos Thakur,P,2022-04-07 00:00:00
Thanos Thakur,P,2022-04-08 00:00:00
Thanos Thakur,WO,2022-04-09 00:00:00
Thanos Thakur,WO,2022-04-10 00:00:00
Thanos Thakur,P,2022-04-11 00:00:00
Thanos Thakur,P,2022-04-12 00:00:00
Thanos Thakur,P,2022-04-13 00:00:00
Thanos Thakur,P,2022-04-14 00:00:00
Thanos Thakur,P,2022-04-15 00:00:00
Thanos Thakur,WO,2022-04-16 00:00:00
Thanos Thakur,WO,2022-04-17 00:00:00
Thanos Thakur,P,2022-04-18 00:00:00
Thanos Thakur,P,2022-04-19 00:00:00
Thanos Thakur,P,2022-04-20 00:00:00
Thanos Thakur,P,2022-04-21 00:00:00
Thanos Thakur,P,2022-04-22 00:00:00
Thanos Thakur,WO,2022-04-23 00:00:00
Thanos Thakur,WO,2022-04-24 00:00:00
Thanos Thakur,P,2022-04-25 00:00:00
Thanos Thakur,P,2022-04-26 00:00:00
Thanos Thakur,P,2022-04-27 00:00:00
Thanos Thakur,P,2022-04-28 00:00:00
Thanos Thakur,P,2022-04-29 00:00:00
Thanos Thakur,WO,2022-04-30 00:00:00
Titus Andersen,P,2022-04-01 00:00:00
Titus Andersen,WO,2022-04-02 00:00:00
Titus Andersen,WO,2022-04-03 00:00:00
Titus Andersen,P,2022-04-04 00:00:00
Titus Andersen,P,2022-04-05 00:00:00
Titus Andersen,P,2022-04-06 00:00:00
Titus Andersen,P,2022-04-07 00:00:00
Titus Andersen,P,2022-04-08 00:00:00
Titus Andersen,WO,2022-04-09 00:00:00
Titus Andersen,WO,2022-04-10 00:00:00
Titus Andersen,P,2022-04-11 00:00:00
Titus Andersen,P,2022-04-12 00:00:00
Titus Andersen,P,2022-04-13 00:00:00
Titus Andersen,P,2022-04-14 00:00:00
Titus Andersen,P,2022-04-15 00:00:00
Titus Andersen,WO,2022-04-16 00:00:00
Titus Andersen,WO,2022-04-17 00:00:00
Titus Andersen,P,2022-04-18 00:00:00
Titus Andersen,P,2022-04-19 00:00:00
Titus Andersen,P,2022-04-20 00:00:00
Titus Andersen,P,2022-04-21 00:00:00
Titus Andersen,P,2022-04-22 00:00:00
Titus Andersen,WO,2022-04-23 00:00:00
Titus Andersen,WO,2022-04-24 00:00:00
Titus Andersen,P,2022-04-25 00:00:00
Titus Andersen,P,2022-04-26 00:00:00
Titus Andersen,P,2022-04-27 00:00:00
Titus Andersen,P,2022-04-28 00:00:00
Titus Andersen,P,2022-04-29 00:00:00
Titus Andersen,WO,2022-04-30 00:00:00
Tori Shannon,P,2022-04-01 00:00:00
Tori Shannon,WO,2022-04-02 00:00:00
Tori Shannon,WO,2022-04-03 00:00:00
Tori Shannon,P,2022-04-04 00:00:00
Tori Shannon,P,2022-04-05 00:00:00
Tori Shannon,P,2022-04-06 00:00:00
Tori Shannon,P,2022-04-07 00:00:00
Tori Shannon,P,2022-04-08 00:00:00
Tori Shannon,WO,2022-04-09 00:00:00
Tori Shannon,WO,2022-04-10 00:00:00
Tori Shannon,P,2022-04-11 00:00:00
Tori Shannon,P,2022-04-12 00:00:00
Tori Shannon,P,2022-04-13 00:00:00
Tori Shannon,P,2022-04-14 00:00:00
Tori Shannon,P,2022-04-15 00:00:00
Tori Shannon,WO,2022-04-16 00:00:00
Tori Shannon,WO,2022-04-17 00:00:00
Tori Shannon,P,2022-04-18 00:00:00
Tori Shannon,P,2022-04-19 00:00:00
Tori Shannon,P,2022-04-20 00:00:00
Tori Shannon,P,2022-04-21 00:00:00
Tori Shannon,P,2022-04-22 00:00:00
Tori Shannon,WO,2022-04-23 00:00:00
Tori Shannon,WO,2022-04-24 00:00:00
Tori Shannon,P,2022-04-25 00:00:00
Tori Shannon,P,2022-04-26 00:00:00
Tori Shannon,P,2022-04-27 00:00:00
Tori Shannon,P,2022-04-28 00:00:00
Tori Shannon,P,2022-04-29 00:00:00
Tori Shannon,WO,2022-04-30 00:00:00
Trystan Ortega,P,2022-04-01 00:00:00
Trystan Ortega,WO,2022-04-02 00:00:00
Trystan Ortega,WO,2022-04-03 00:00:00
Trystan Ortega,P,2022-04-04 00:00:00
Trystan Ortega,P,2022-04-05 00:00:00
Trystan Ortega,P,2022-04-06 00:00:00
Trystan Ortega,P,2022-04-07 00:00:00
Trystan Ortega,HPL,2022-04-08 00:00:00
Trystan Ortega,WO,2022-04-09 00:00:00
Trystan Ortega,WO,2022-04-10 00:00:00
Trystan Ortega,P,2022-04-11 00:00:00
Trystan Ortega,P,2022-04-12 00:00:00
Trystan Ortega,P,2022-04-13 00:00:00
Trystan Ortega,P,2022-04-14 00:00:00
Trystan Ortega,P,2022-04-15 00:00:00
Trystan Ortega,WO,2022-04-16 00:00:00
Trystan Ortega,WO,2022-04-17 00:00:00
Trystan Ortega,P,2022-04-18 00:00:00
Trystan Ortega,P,2022-04-19 00:00:00
Trystan Ortega,ML,2022-04-20 00:00:00
Trystan Ortega,P,2022-04-21 00:00:00
Trystan Ortega,P,2022-04-22 00:00:00
Trystan Ortega,WO,2022-04-23 00:00:00
Trystan Ortega,WO,2022-04-24 00:00:00
Trystan Ortega,P,2022-04-25 00:00:00
Trystan Ortega,HPL,2022-04-26 00:00:00
Trystan Ortega,HPL,2022-04-27 00:00:00
Trystan Ortega,P,2022-04-28 00:00:00
Trystan Ortega,P,2022-04-29 00:00:00
Trystan Ortega,WO,2022-04-30 00:00:00
Tucker Austin,P,2022-04-01 00:00:00
Tucker Austin,WO,2022-04-02 00:00:00
Tucker Austin,WO,2022-04-03 00:00:00
Tucker Austin,P,2022-04-04 00:00:00
Tucker Austin,P,2022-04-05 00:00:00
Tucker Austin,P,2022-04-06 00:00:00
Tucker Austin,P,2022-04-07 00:00:00
Tucker Austin,P,2022-04-08 00:00:00
Tucker Austin,WO,2022-04-09 00:00:00
Tucker Austin,WO,2022-04-10 00:00:00
Tucker Austin,P,2022-04-11 00:00:00
Tucker Austin,P,2022-04-12 00:00:00
Tucker Austin,P,2022-04-13 00:00:00
Tucker Austin,FFL,2022-04-14 00:00:00
Tucker Austin,P,2022-04-15 00:00:00
Tucker Austin,WO,2022-04-16 00:00:00
Tucker Austin,WO,2022-04-17 00:00:00
Tucker Austin,P,2022-04-18 00:00:00
Tucker Austin,P,2022-04-19 00:00:00
Tucker Austin,P,2022-04-20 00:00:00
Tucker Austin,P,2022-04-21 00:00:00
Tucker Austin,P,2022-04-22 00:00:00
Tucker Austin,WO,2022-04-23 00:00:00
Tucker Austin,WO,2022-04-24 00:00:00
Tucker Austin,P,2022-04-25 00:00:00
Tucker Austin,P,2022-04-26 00:00:00
Tucker Austin,P,2022-04-27 00:00:00
Tucker Austin,P,2022-04-28 00:00:00
Tucker Austin,P,2022-04-29 00:00:00
Tucker Austin,WO,2022-04-30 00:00:00
Weston Horton,P,2022-04-01 00:00:00
Weston Horton,WO,2022-04-02 00:00:00
Weston Horton,WO,2022-04-03 00:00:00
Weston Horton,P,2022-04-04 00:00:00
Weston Horton,P,2022-04-05 00:00:00
Weston Horton,P,2022-04-06 00:00:00
Weston Horton,P,2022-04-07 00:00:00
Weston Horton,P,2022-04-08 00:00:00
Weston Horton,WO,2022-04-09 00:00:00
Weston Horton,WO,2022-04-10 00:00:00
Weston Horton,P,2022-04-11 00:00:00
Weston Horton,P,2022-04-12 00:00:00
Weston Horton,P,2022-04-13 00:00:00
Weston Horton,P,2022-04-14 00:00:00
Weston Horton,P,2022-04-15 00:00:00
Weston Horton,WO,2022-04-16 00:00:00
Weston Horton,WO,2022-04-17 00:00:00
Weston Horton,P,2022-04-18 00:00:00
Weston Horton,P,2022-04-19 00:00:00
Weston Horton,P,2022-04-20 00:00:00
Weston Horton,PL,2022-04-21 00:00:00
Weston Horton,PL,2022-04-22 00:00:00
Weston Horton,WO,2022-04-23 00:00:00
Weston Horton,WO,2022-04-24 00:00:00
Weston Horton,P,2022-04-25 00:00:00
Weston Horton,P,2022-04-26 00:00:00
Weston Horton,P,2022-04-27 00:00:00
Weston Horton,P,2022-04-28 00:00:00
Weston Horton,P,2022-04-29 00:00:00
Weston Horton,WO,2022-04-30 00:00:00
Will Mahoney,P,2022-04-01 00:00:00
Will Mahoney,WO,2022-04-02 00:00:00
Will Mahoney,WO,2022-04-03 00:00:00
Will Mahoney,P,2022-04-04 00:00:00
Will Mahoney,P,2022-04-05 00:00:00
Will Mahoney,P,2022-04-06 00:00:00
Will Mahoney,P,2022-04-07 00:00:00
Will Mahoney,P,2022-04-08 00:00:00
Will Mahoney,WO,2022-04-09 00:00:00
Will Mahoney,WO,2022-04-10 00:00:00
Will Mahoney,P,2022-04-11 00:00:00
Will Mahoney,P,2022-04-12 00:00:00
Will Mahoney,P,2022-04-13 00:00:00
Will Mahoney,P,2022-04-14 00:00:00
Will Mahoney,P,2022-04-15 00:00:00
Will Mahoney,WO,2022-04-16 00:00:00
Will Mahoney,WO,2022-04-17 00:00:00
Will Mahoney,P,2022-04-18 00:00:00
Will Mahoney,P,2022-04-19 00:00:00
Will Mahoney,PL,2022-04-20 00:00:00
Will Mahoney,PL,2022-04-21 00:00:00
Will Mahoney,PL,2022-04-22 00:00:00
Will Mahoney,WO,2022-04-23 00:00:00
Will Mahoney,WO,2022-04-24 00:00:00
Will Mahoney,P,2022-04-25 00:00:00
Will Mahoney,P,2022-04-26 00:00:00
Will Mahoney,P,2022-04-27 00:00:00
Will Mahoney,P,2022-04-28 00:00:00
Will Mahoney,P,2022-04-29 00:00:00
Will Mahoney,WO,2022-04-30 00:00:00
Xiomara Ruiz,P,2022-04-01 00:00:00
Xiomara Ruiz,WO,2022-04-02 00:00:00
Xiomara Ruiz,WO,2022-04-03 00:00:00
Xiomara Ruiz,P,2022-04-04 00:00:00
Xiomara Ruiz,P,2022-04-05 00:00:00
Xiomara Ruiz,P,2022-04-06 00:00:00
Xiomara Ruiz,P,2022-04-07 00:00:00
Xiomara Ruiz,P,2022-04-08 00:00:00
Xiomara Ruiz,WO,2022-04-09 00:00:00
Xiomara Ruiz,WO,2022-04-10 00:00:00
Xiomara Ruiz,P,2022-04-11 00:00:00
Xiomara Ruiz,P,2022-04-12 00:00:00
Xiomara Ruiz,P,2022-04-13 00:00:00
Xiomara Ruiz,FFL,2022-04-14 00:00:00
Xiomara Ruiz,P,2022-04-15 00:00:00
Xiomara Ruiz,WO,2022-04-16 00:00:00
Xiomara Ruiz,WO,2022-04-17 00:00:00
Xiomara Ruiz,P,2022-04-18 00:00:00
Xiomara Ruiz,P,2022-04-19 00:00:00
Xiomara Ruiz,P,2022-04-20 00:00:00
Xiomara Ruiz,P,2022-04-21 00:00:00
Xiomara Ruiz,P,2022-04-22 00:00:00
Xiomara Ruiz,WO,2022-04-23 00:00:00
Xiomara Ruiz,WO,2022-04-24 00:00:00
Xiomara Ruiz,P,2022-04-25 00:00:00
Xiomara Ruiz,P,2022-04-26 00:00:00
Xiomara Ruiz,P,2022-04-27 00:00:00
Xiomara Ruiz,P,2022-04-28 00:00:00
Xiomara Ruiz,P,2022-04-29 00:00:00
Xiomara Ruiz,WO,2022-04-30 00:00:00
